abreviation;SourceAbreviation
efficacite;efficacite
efficacite;Efficacite
efficacite;EFFICACITE
analyse;Analyse
analyse;ANALYSE
analyse;analyse
analyse;analyse.
analyse;ANALYSE.
blqpe;Blqpe
blqpe;BLQPE
blqpe;blqpe
pneumo;.PNEUMO
pneumo;Pneumo
pneumo;Pneumo.
pneumo;.pneumo
pneumo;pneumo/
pneumo;pneumo.
pneumo;pneumo
pneumo;PNEUMO.
pneumo;PNEUMO
toxoplas;TOXOPLAS.
toxoplas;toxoplas
toxoplas;TOXOPLAS
toxoplas;Toxoplas
farr;farr
farr;Farr
farr;FARR
farr;FARR/
hyperinsulinisme;Hyperinsulinisme
hyperinsulinisme;HYPERINSULINISME
hyperinsulinisme;hyperinsulinisme
aspergi;Aspergi
aspergi;ASPERGI
aspergi;Aspergi.
aspergi;aspergi
poche;.POCHE
poche;Poche
poche;POCHE
poche;poche
vit;VIT
vit;Vit
vit;vit
vit;.VIT
cdg;CDG
cdg;Cdg
cdg;cdg
cdg;.CDG
muco;MUCO
muco;Muco
muco;muco
muco;.MUCO
legi;LEGI
legi;legi
legi;Legi.
legi;Legi
posologie;POSOLOGIE
posologie;Posologie
posologie;posologie
conserv;CONSERV.
conserv;Conserv
conserv;CONSERV
conserv;conserv
sphe;SPHE.
sphe;SPHE
sphe;Sphe
sphe;sphe
exam;exam
exam;Exam
exam;EXAM
nocar;nocar
nocar;NOCAR
nocar;Nocar
nocar;NOCAR/
glu;GLU
glu;Glu
glu;glu
glu;GLU.
caryotypage;caryotypage
caryotypage;Caryotypage
caryotypage;CARYOTYPAGE
blse;blse
blse;BLSE
blse;Blse
blse;blse.
blse;.BLSE
cdt;CDT
cdt;Cdt
cdt;cdt
myc;MYC.
myc;MYC
myc;Myc
myc;myc
sero;.Sero
sero;.SERO
sero;Sero
sero;SERO
sero;sero
sero;SERO.
sero;Sero.
griffe;Griffe
griffe;GRIFFE
griffe;griffe
cysticerc;CYSTICERC
cysticerc;Cysticerc
cysticerc;CYSTICERC.
cysticerc;cysticerc
rbp;RBP
rbp;Rbp
rbp;rbp
cutan;cutan
cutan;CUTAN
cutan;Cutan
cutan;.cutan
redon;.REDON
redon;Redon
redon;REDON
redon;redon
nile;NILE
nile;Nile
nile;Nile/
nile;nile
gmp;GMP
gmp;Gmp
gmp;gmp
cel;Cel.
cel;CEL
cel;Cel
cel;cel
ecouv;ECOUV
ecouv;Ecouv
ecouv;Ecouv.
ecouv;ecouv.
ecouv;ecouv
ecouv;ECOUV.
phosp;PHOSP.
phosp;Phosp
phosp;PHOSP
phosp;phosp
result;result
result;Result.
result;RESULT
result;Result
deplacemt;deplacemt
deplacemt;Deplacemt
deplacemt;DEPLACEMT
arterielle;.Arterielle
arterielle;arterielle
arterielle;Arterielle
arterielle;ARTERIELLE
myelome;.MYELOME
myelome;.Myelome
myelome;myelome
myelome;Myelome
myelome;MYELOME
rglyc;Rglyc
rglyc;RGLYC
rglyc;Rglyc.
rglyc;rglyc
aspect;aspect
aspect;ASPECT
aspect;Aspect
cysti;cysti
cysti;Cysti
cysti;CYSTI
cysti;Cysti.
tgp;TGP
tgp;Tgp
tgp;tgp
cerebrosidase;.CEREBROSIDASE
cerebrosidase;cerebrosidase
cerebrosidase;Cerebrosidase
cerebrosidase;CEREBROSIDASE
corona;Corona/
corona;CORONA
corona;Corona
corona;corona
recherch;RECHERCH
recherch;Recherch.
recherch;Recherch
recherch;recherch
bdes;bdes
bdes;BDES
bdes;Bdes
semina;.semina
semina;SEMINA
semina;Semina
semina;semina
abacav;abacav
abacav;ABACAV
abacav;Abacav
genoty;genoty
genoty;Genoty.
genoty;GENOTY
genoty;Genoty
citrate;Citrate/
citrate;citrate
citrate;CITRATE
citrate;Citrate
adeno;ADENO
adeno;Adeno
adeno;adeno
adeno;Adeno/
histo;HISTO
histo;Histo
histo;histo
histo;HISTO/
toxopl;Toxopl
toxopl;TOXOPL
toxopl;toxopl
toxopl;toxopl.
xpc;XPC
xpc;Xpc
xpc;xpc
cfm;CFM
cfm;Cfm
cfm;cfm
fibrinogene;FIBRINOGENE
fibrinogene;fibrinogene
fibrinogene;Fibrinogene
xpd;XPD
xpd;Xpd
xpd;xpd
spermato;SPERMATO
spermato;SPERMATO.
spermato;.SPERMATO
spermato;Spermato
spermato;spermato.
spermato;.spermato
spermato;spermato
xpg;XPG
xpg;Xpg
xpg;xpg
plasmo;PLASMO
plasmo;Plasmo
plasmo;.Plasmo
plasmo;plasmo
abr;Abr
abr;abr
abr;Abr/
abr;ABR
abr;.ABR
betabloquant;betabloquant
betabloquant;BETABLOQUANT
betabloquant;Betabloquant
betabloquant;BETABLOQUANT.
betabloquant;Betabloquant.
bsbm;bsbm
bsbm;BSBM
bsbm;Bsbm
coxi;COXI
coxi;coxi
coxi;Coxi.
coxi;Coxi
sperme;.sperme
sperme;sperme
sperme;Sperme/
sperme;SPERME/
sperme;SPERME
sperme;.Sperme
sperme;Sperme
xylo;xylo.
xylo;xylo
xylo;XYLO
xylo;Xylo
acet;acet
acet;Acet
acet;Acet.
acet;ACET
polynuc;Polynuc
polynuc;POLYNUC
polynuc;POLYNUC.
polynuc;polynuc
xpv;XPV
xpv;Xpv
xpv;xpv
ascite;.ascite
ascite;ascite
ascite;ASCITE
ascite;Ascite
ascite;.ASCITE
ecouvil;Ecouvil
ecouvil;ECOUVIL
ecouvil;ecouvil
ecouvil;ECOUVIL.
grosses;Grosses
grosses;GROSSES
grosses;grosses
grosses;grosses.
urealyt;urealyt
urealyt;.urealyt
urealyt;UREALYT
urealyt;Urealyt
red;RED
red;Red
red;red
red;RED.
rec;REC
rec;Rec
rec;rec
rec;Rec.
rec;REC.
rec;REC/
rec;rec.
act;ACT.
act;ACT
act;Act
act;act
lact;Lact
lact;lact
lact;LACT.
lact;LACT
post;post
post;POST
post;Post
enceph;ENCEPH.
enceph;enceph
enceph;Enceph
enceph;ENCEPH
plomb;Plomb
plomb;PLOMB
plomb;plomb
plomb;Plomb/
gono;GONO
gono;Gono
gono;gono
gono;.Gono
gono;.GONO
gono;.gono
tiq;tiq.
tiq;TIQ
tiq;Tiq
tiq;tiq
pap;PAP.
pap;PAP
pap;Pap
pap;pap
tis;TIS.
tis;TIS
tis;Tis
tis;tis
res;Res
res;RES
res;res
res;.Res
res;Res.
res;RES.
microorga;microorga
microorga;Microorga
microorga;MICROORGA
microorga;MICROORGA.
pat;PAT
pat;Pat
pat;pat
pat;PAT.
pat;pat.
risque;risque
risque;RISQUE
risque;Risque
sans;Sans
sans;SANS
sans;sans
chl;CHL
chl;Chl
chl;chl
chl;Chl.
chl;CHL.
adn;.ADN
adn;Adn
adn;adn
adn;ADN
cinetiq;CINETIQ
cinetiq;Cinetiq
cinetiq;CINETIQ.
cinetiq;cinetiq
poso;poso.
poso;Poso
poso;POSO
poso;poso
sang;Sang
sang;SANG
sang;sang
sang;.SANG
secretion;secretion
secretion;Secretion
secretion;SECRETION
secretion;.SECRETION
cine;CINE
cine;CINE.
cine;cine
cine;Cine
urin;urin
urin;URIN
urin;URIN.
urin;Urin
urin;Urin.
pbg;PBG
pbg;Pbg
pbg;pbg
pbg;PBG/
ntbc;Ntbc
ntbc;NTBC
ntbc;ntbc
altern;Altern.
altern;altern
altern;ALTERN
altern;Altern
indifferenciees;indifferenciees
indifferenciees;INDIFFERENCIEES
indifferenciees;.Indifferenciees
indifferenciees;Indifferenciees
neurotrasm;Neurotrasm
neurotrasm;neurotrasm
neurotrasm;NEUROTRASM.
neurotrasm;NEUROTRASM
recher;recher
recher;RECHER.
recher;RECHER
recher;Recher
cytobact;CYTOBACT.
cytobact;cytobact
cytobact;CYTOBACT
cytobact;Cytobact
hypoglyc;HYPOGLYC
hypoglyc;hypoglyc
hypoglyc;HYPOGLYC.
hypoglyc;Hypoglyc
lactose;Lactose
lactose;lactose/
lactose;LACTOSE
lactose;lactose
pcb;PCB
pcb;Pcb
pcb;pcb
aer;.AER
aer;aer.
aer;AER
aer;AER.
aer;Aer
aer;aer
transglu;transglu
transglu;Transglu.
transglu;TRANSGLU
transglu;Transglu
electro;electro
electro;ELECTRO
electro;Electro
ena;ENA
ena;Ena
ena;ena
ena;.ENA
rgp;rgp
rgp;RGP
rgp;Rgp
willebrand;WILLEBRAND
willebrand;.WILLEBRAND
willebrand;willebrand
willebrand;Willebrand
pcr;.PCR
pcr;PCR.
pcr;pcr.
pcr;PCR
pcr;Pcr
pcr;pcr
amniotique;amniotique
amniotique;Amniotique
amniotique;.AMNIOTIQUE
amniotique;AMNIOTIQUE
pct;PCT
pct;Pct
pct;pct
pcs;PCS
pcs;Pcs
pcs;pcs
chimi;CHIMI
chimi;Chimi
chimi;.CHIMI
chimi;chimi
grp;grp
grp;GRP
grp;Grp
cartilage;CARTILAGE/
cartilage;Cartilage
cartilage;cartilage
cartilage;Cartilage/
cartilage;CARTILAGE
antidep;Antidep.
antidep;Antidep
antidep;antidep
antidep;ANTIDEP
ent;Ent.
ent;ENT
ent;Ent
ent;ent
afr;.Afr
afr;Afr
afr;afr
afr;AFR
afr;Afr.
env;ENV
env;Env
env;env
env;env.
haqu;HAQU.
haqu;HAQU
haqu;haqu
haqu;Haqu
respi;respi.
respi;Respi
respi;RESPI
respi;respi
thromboplas;thromboplas
thromboplas;Thromboplas
thromboplas;Thromboplas.
thromboplas;THROMBOPLAS
pdf;PDF
pdf;Pdf
pdf;pdf
afw;AFW
afw;Afw
afw;afw
quanti;Quanti
quanti;QUANTI
quanti;quanti
micro;micro
micro;Micro
micro;MICRO
amniotiqu;AMNIOTIQU
amniotiqu;amniotiqu
amniotiqu;Amniotiqu
amniotiqu;.amniotiqu
phtal;phtal.
phtal;phtal
phtal;PHTAL
phtal;Phtal
tlt;TLT
tlt;Tlt
tlt;tlt
agg;agg.
agg;Agg
agg;agg
agg;AGG
mult;mult
mult;MULT
mult;Mult
mult;MULT.
spermat;spermat
spermat;SPERMAT
spermat;Spermat
periph;periph.
periph;PERIPH
periph;periph
periph;Periph
amines;Amines
amines;AMINES
amines;.Amines
amines;amines
hemoc;Hemoc
hemoc;HEMOC
hemoc;Hemoc.
hemoc;HEMOC.
hemoc;hemoc
ric;Ric.
ric;RIC
ric;Ric
ric;ric
ped;.PED
ped;PED
ped;Ped
ped;ped
lept;Lept
lept;LEPT.
lept;LEPT
lept;lept
tissu;Tissu
tissu;.tissu
tissu;TISSU
tissu;.TISSU
tissu;tissu
tissu;TISSU.
glycine;GLYCINE
glycine;.GLYCINE
glycine;glycine
glycine;Glycine
rip;rip
rip;RIP
rip;Rip
eryth;Eryth
eryth;ERYTH
eryth;eryth
eryth;eryth.
toxine;toxine
toxine;Toxine
toxine;.TOXINE
toxine;TOXINE
prolif;PROLIF
prolif;Prolif
prolif;prolif
prolif;PROLIF.
saccharom;saccharom
saccharom;Saccharom.
saccharom;Saccharom
saccharom;SACCHAROM
preanalytique;preanalytique
preanalytique;PREANALYTIQUE
preanalytique;Preanalytique
integ;INTEG
integ;Integ
integ;integ
integ;integ.
lactof;Lactof
lactof;LACTOF
lactof;lactof
lactof;LACTOF.
tnf;TNF
tnf;Tnf
tnf;tnf
souch;souch.
souch;SOUCH.
souch;souch
souch;SOUCH
souch;Souch
vrs;VRS/
vrs;VRS
vrs;Vrs
vrs;vrs
bovin;bovin
bovin;.bovin
bovin;Bovin
bovin;BOVIN
sars;SARS/
sars;Sars
sars;SARS
sars;sars
suivicol;Suivicol
suivicol;SUIVICOL
suivicol;.SUIVICOL
suivicol;suivicol
cmf;CMF
cmf;Cmf
cmf;cmf
glycop;GLYCOP
glycop;Glycop
glycop;glycop
glycop;GLYCOP.
baumannii;Baumannii
baumannii;baumannii
baumannii;BAUMANNII
baumannii;.BAUMANNII
moelle;Moelle
moelle;moelle
moelle;MOELLE
moelle;.MOELLE
cell;CELL.
cell;cell
cell;CELL
cell;Cell
cmv;CMV/
cmv;cmv
cmv;CMV
cmv;Cmv
chloroquine;chloroquine
chloroquine;Chloroquine
chloroquine;CHLOROQUINE
chloroquine;.CHLOROQUINE
lactoglobul;lactoglobul
lactoglobul;LACTOGLOBUL
lactoglobul;lactoglobul.
lactoglobul;Lactoglobul
lactoglobul;LACTOGLOBUL.
cerbros;cerbros
cerbros;cerbros.
cerbros;CERBROS
cerbros;Cerbros
tot;tot.
tot;TOT
tot;Tot
tot;tot
tot;.tot
bacter;Bacter
bacter;Bacter.
bacter;BACTER.
bacter;bacter
bacter;BACTER
ponct;Ponct
ponct;PONCT
ponct;Ponct.
ponct;ponct
ponct;PONCT.
saur;SAUR/
saur;Saur
saur;SAUR
saur;saur
vdrl;VDRL
vdrl;Vdrl
vdrl;vdrl
glanzmann;.GLANZMANN
glanzmann;GLANZMANN
glanzmann;Glanzmann
glanzmann;glanzmann
etude;etude
etude;ETUDE
etude;Etude
choroide;Choroide/
choroide;choroide
choroide;CHOROIDE
choroide;Choroide
choroide;CHOROIDE/
tpc;TPC
tpc;Tpc
tpc;tpc
cnr;CNR
cnr;Cnr
cnr;cnr
lain;lain
lain;LAIN
lain;lain.
lain;Lain
hematies;Hematies
hematies;HEMATIES
hematies;hematies
reticulocytes;reticulocytes
reticulocytes;Reticulocytes
reticulocytes;RETICULOCYTES
kingae;KINGAE/
kingae;kingae
kingae;Kingae
kingae;KINGAE
bouill;BOUILL
bouill;.bouill
bouill;Bouill
bouill;bouill
moyennes;Moyennes
moyennes;MOYENNES
moyennes;.Moyennes
moyennes;moyennes
hydr;Hydr.
hydr;HYDR
hydr;Hydr
hydr;hydr
hydr;HYDR.
detectio;detectio
detectio;DETECTIO
detectio;Detectio
detectio;Detectio/
ecoli;ecoli
ecoli;Ecoli
ecoli;ECOLI
tps;tps
tps;TPS
tps;Tps
qual;.Qual
qual;Qual
qual;QUAL
qual;qual
rlu;RLU
rlu;Rlu
rlu;rlu
sspop;SSPOP.
sspop;Sspop
sspop;SSPOP
sspop;sspop
pht;pHt
pht;PHT
pht;Pht
pht;pht
thrombine;thrombine
thrombine;Thrombine
thrombine;THROMBINE
com;COM
com;Com
com;com
com;com.
com;.COM
com;Com.
mycoplasm;Mycoplasm
mycoplasm;mycoplasm
mycoplasm;MYCOPLASM.
mycoplasm;MYCOPLASM
cor;Cor
cor;COR
cor;cor
poumon;Poumon
poumon;POUMON
poumon;.POUMON
poumon;poumon
poumon;POUMON.
paraper;Paraper
paraper;PARAPER
paraper;paraper
screen;SCREEN
screen;Screen
screen;screen
screen;SCREEN.
cox;Cox.
cox;COX.
cox;COX
cox;Cox
cox;cox
leptospira;LEPTOSPIRA
leptospira;.Leptospira
leptospira;leptospira
leptospira;Leptospira
cutanee;.CUTANEE
cutanee;CUTANEE
cutanee;Cutanee
cutanee;cutanee
lac;LAC/
lac;LAC
lac;Lac
lac;lac
etb;.ETB
etb;ETB
etb;Etb
etb;etb
anthracis;ANTHRACIS/
anthracis;anthracis
anthracis;anthracis/
anthracis;ANTHRACIS
anthracis;Anthracis
copies;COPIES
copies;copies/
copies;copies
copies;Copies
alb;Alb
alb;alb
alb;ALB
alb;alb.
lam;Lam
lam;LAM
lam;lam
stock;stock
stock;Stock
stock;STOCK
glycoprot;GLYCOPROT
glycoprot;Glycoprot.
glycoprot;Glycoprot
glycoprot;glycoprot
specifiq;specifiq.
specifiq;SPECIFIQ
specifiq;Specifiq
specifiq;specifiq
lav;LAV
lav;Lav
lav;lav
lav;LAV.
new;New
new;NEW
new;new
tra;TRA
tra;Tra
tra;tra
tra;.tra
tra;TRA.
voie;voie
voie;.VOIE
voie;VOIE
voie;Voie
alp;alp.
alp;Alp
alp;alp
alp;ALP
cpt;cpt
cpt;CPT
cpt;Cpt
psitt;psitt
psitt;PSITT
psitt;Psitt
psitt;PSITT.
etu;ETU
etu;Etu
etu;etu
etu;Etu.
leuco;Leuco
leuco;LEUCO
leuco;leuco
tri;tri.
tri;TRI
tri;Tri
tri;tri
lba;LBA
lba;Lba
lba;lba
lba;.LBA
cryptoc;Cryptoc
cryptoc;CRYPTOC
cryptoc;.Cryptoc
cryptoc;cryptoc
anaphalyc;anaphalyc
anaphalyc;Anaphalyc
anaphalyc;ANAPHALYC
anaphalyc;ANAPHALYC.
trp;TRP
trp;Trp
trp;trp
congel;congel
congel;Congel
congel;Congel.
congel;CONGEL
congel;CONGEL.
pheno;pheno
pheno;Pheno
pheno;PHENO
pheno;PHENO.
pheno;PHENO/
pheno;Pheno/
crytosporid;crytosporid
crytosporid;CRYTOSPORID
crytosporid;CRYTOSPORID.
crytosporid;Crytosporid
amb;amb/
amb;AMB
amb;Amb
amb;amb
interpre;INTERPRE
interpre;interpre
interpre;Interpre.
interpre;Interpre
nfs;NFS
nfs;Nfs
nfs;nfs
gestat;Gestat.
gestat;GESTAT
gestat;gestat
gestat;Gestat
dialyse;Dialyse
dialyse;.DIALYSE
dialyse;DIALYSE
dialyse;dialyse
expl;expl
expl;EXPL.
expl;Expl
expl;EXPL
nnat;nnat
nnat;Nnat
nnat;NNAT
nnat;.NNAT
vwf;VWF
vwf;Vwf
vwf;vwf
amp;.AMP
amp;AMP.
amp;AMP
amp;Amp
amp;amp
rhumatoides;RHUMATOIDES
rhumatoides;.RHUMATOIDES
rhumatoides;rhumatoides
rhumatoides;Rhumatoides
fbal;FBAL/
fbal;Fbal
fbal;FBAL
fbal;fbal
prises;Prises
prises;PRISES
prises;prises/
prises;prises
amylase;Amylase
amylase;AMYLASE
amylase;.amylase
amylase;amylase
autres;AUTRES
autres;.AUTRES
autres;Autres
autres;autres
rect;rect
rect;RECT
rect;Rect
rect;RECT.
latence;latence
latence;Latence
latence;LATENCE
cra;CRA
cra;Cra
cra;cra
cra;Cra/
ana;.ANA
ana;ANA
ana;Ana
ana;ana
ana;ana/
ana;ana.
identif;Identif
identif;Identif.
identif;identif
identif;IDENTIF
identif;IDENTIF.
leishmanios;Leishmanios
leishmanios;leishmanios
leishmanios;LEISHMANIOS
leishmanios;.Leishmanios
recmutgenfviiicoch;RECMUTGENFVIIICOCH
recmutgenfviiicoch;Recmutgenfviiicoch
recmutgenfviiicoch;recmutgenfviiicoch
recmutgenfviiicoch;RecMutGenFVIIIcoch.
recmutgenfviiicoch;RecMutGenFVIIIcoch
lcr;Lcr/
lcr;LCR/
lcr;lcr
lcr;LCR
lcr;Lcr
lcr;.LCR
oxydat;Oxydat
oxydat;OXYDAT
oxydat;oxydat
ang;ANG.
ang;ANG
ang;Ang
ang;ang
ngs;NGS
ngs;Ngs
ngs;ngs
lct;LCT
lct;Lct
lct;lct
lang;Lang
lang;lang
lang;LANG.
lang;LANG
plasmat;plasmat
plasmat;PLASMAT.
plasmat;Plasmat
plasmat;plasmat.
plasmat;PLASMAT
pediatr;pediatr
pediatr;PEDIATR
pediatr;pediatr.
pediatr;Pediatr
crp;CRP
crp;Crp
crp;crp
burn;BURN
burn;Burn
burn;burn
burn;burn/
ano;ANO
ano;Ano
ano;ano
tular;tular
tular;tular.
tular;Tular
tular;TULAR
ant;Ant
ant;ant
ant;ANT
ant;ant.
epididymair;EPIDIDYMAIR
epididymair;.EPIDIDYMAIR
epididymair;epididymair
epididymair;Epididymair
cru;CRU
cru;Cru
cru;cru
cru;.CRU
fongique;.FONGIQUE
fongique;fongique
fongique;FONGIQUE
fongique;Fongique
rech;Rech.
rech;RECH.
rech;Rech/
rech;rech
rech;RECH
rech;Rech
fibroblas;FIBROBLAS
fibroblas;fibroblas
fibroblas;FIBROBLAS.
fibroblas;Fibroblas
super;super
super;SUPER
super;Super
super;SUPER.
rpo;rpo
rpo;RPO
rpo;Rpo
ttp;TTP
ttp;Ttp
ttp;ttp
ldh;LDH
ldh;Ldh
ldh;ldh
dispar;.dispar
dispar;dispar
dispar;Dispar
dispar;DISPAR
troph;troph
troph;TROPH.
troph;Troph
troph;TROPH
tropi;tropi
tropi;tropi.
tropi;TROPI
tropi;Tropi
plq;.PLQ
plq;plq
plq;PLQ
plq;Plq
ttt;TTT
ttt;Ttt
ttt;ttt
ttt;TTT/
ldl;LDL
ldl;Ldl
ldl;ldl
plp;PLP
plp;Plp
plp;plp
moel;Moel.
moel;MOEL.
moel;moel
moel;MOEL
moel;Moel
lame;.lame
lame;Lame
lame;LAME
lame;Lame/
lame;lame
fibrinolyse;.FIBRINOLYSE
fibrinolyse;Fibrinolyse
fibrinolyse;FIBRINOLYSE
fibrinolyse;fibrinolyse
benzodiazep;BENZODIAZEP.
benzodiazep;benzodiazep
benzodiazep;BENZODIAZEP
benzodiazep;Benzodiazep
subs;SUBS.
subs;SUBS
subs;Subs
subs;subs
homin;HOMIN
homin;Homin
homin;homin
collagp;Collagp
collagp;.COLLAGP
collagp;collagp
collagp;COLLAGP
tmps;tmps
tmps;Tmps
tmps;TMPS
pity;PITY.
pity;pity
pity;PITY
pity;Pity
meningocoq;MENINGOCOQ
meningocoq;Meningocoq
meningocoq;.MENINGOCOQ
meningocoq;meningocoq
liqui;Liqui
liqui;LIQUI
liqui;Liqui.
liqui;liqui
leg;.LEG
leg;leg
leg;LEG
leg;Leg
asperg;asperg
asperg;Asperg
asperg;ASPERG.
asperg;ASPERG
agregat;AGREGAT
agregat;agregat
agregat;.Agregat
agregat;Agregat
biologiques;BIOLOGIQUES
biologiques;biologiques
biologiques;.BIOLOGIQUES
biologiques;Biologiques
antitriodothyr;ANTITRIODOTHYR
antitriodothyr;antitriodothyr
antitriodothyr;ANTITRIODOTHYR.
antitriodothyr;Antitriodothyr
bois;.bois
bois;BOIS
bois;Bois
bois;bois
pneumocoque;PNEUMOCOQUE
pneumocoque;.PNEUMOCOQUE
pneumocoque;pneumocoque
pneumocoque;Pneumocoque
lev;lev/
lev;LEV
lev;Lev
lev;lev
ext;EXT
ext;Ext
ext;ext
ext;.EXT
genes;genes
genes;Genes
genes;.Genes
genes;GENES
genes;GENES.
pne;PNE
pne;Pne
pne;pne
pne;.pne
ctx;CTX
ctx;Ctx
ctx;ctx
asper;ASPER
asper;Asper
asper;Asper.
asper;asper
marquee;.Marquee
marquee;Marquee
marquee;MARQUEE
marquee;marquee
mallei;mallei
mallei;MALLEI
mallei;mallei/
mallei;Mallei
mallei;MALLEI/
mallei;.mallei
vzv;vzv
vzv;VZV
vzv;Vzv
vzv;VZV/
creatine;CREATINE
creatine;Creatine/
creatine;creatine
creatine;Creatine
germe;Germe
germe;GERME
germe;germe
germe;.Germe
etiq;etiq.
etiq;ETIQ.
etiq;Etiq
etiq;ETIQ
etiq;etiq
pthr;Pthr
pthr;pthr
pthr;PTHR
mdrd;mdrd
mdrd;MDRD
mdrd;Mdrd
disto;Disto.
disto;Disto
disto;DISTO
disto;disto
cul;Cul.
cul;CUL
cul;Cul
cul;cul
medicament;MEDICAMENT
medicament;medicament
medicament;Medicament
cere;CERE
cere;Cere
cere;.Cere
cere;cere
anim;.ANIM
anim;anim
anim;Anim
anim;ANIM
mcrlc;Mcrlc
mcrlc;mcrlc
mcrlc;MCRLC
logiciel;LOGICIEL
logiciel;Logiciel
logiciel;.LOGICIEL
logiciel;logiciel
cera;.Cera
cera;.CERA
cera;CERA
cera;Cera
cera;cera
lipidiq;LIPIDIQ
lipidiq;Lipidiq.
lipidiq;Lipidiq
lipidiq;lipidiq
temperat;temperat
temperat;Temperat
temperat;TEMPERAT
temperat;Temperat.
envoi;envoi
envoi;ENVOI
envoi;Envoi
envoi;.envoi
aqu;.AQU
aqu;aqu.
aqu;Aqu
aqu;aqu
aqu;AQU
aqu;AQU.
ctrl;CTRL
ctrl;ctrl
ctrl;Ctrl
alcal;ALCAL.
alcal;ALCAL
alcal;Alcal
alcal;alcal
odor;odor
odor;ODOR
odor;odor.
odor;Odor
pol;POL.
pol;POL
pol;Pol
pol;pol
facts;FACTS.
facts;facts
facts;FACTS
facts;Facts
pon;Pon.
pon;PON
pon;Pon
pon;pon
alterna;alterna
alterna;ALTERNA.
alterna;Alterna
alterna;ALTERNA
pos;POS
pos;Pos
pos;pos
pos;pos.
lmmcj;LMMCJ
lmmcj;Lmmcj
lmmcj;lmmcj
spntee;Spntee
spntee;spntee
spntee;SPNTEE
campylobact;Campylobact
campylobact;CAMPYLOBACT.
campylobact;campylobact
campylobact;CAMPYLOBACT
microfilaire;Microfilaire
microfilaire;MICROFILAIRE
microfilaire;.MICROFILAIRE
microfilaire;microfilaire
arn;.ARN
arn;Arn
arn;arn
arn;ARN
commentaire;COMMENTAIRE
commentaire;Commentaire
commentaire;Commentaire/
commentaire;commentaire
richlora;Richlora
richlora;RICHLORA
richlora;richlora
extr;Extr
extr;EXTR
extr;extr.
extr;extr
cryptocoq;.cryptocoq
cryptocoq;cryptocoq
cryptocoq;Cryptocoq
cryptocoq;CRYPTOCOQ
mycop;mycop
mycop;MYCOP.
mycop;Mycop
mycop;MYCOP
detection;detection
detection;DETECTION
detection;.Detection
detection;Detection
art;Art
art;art
art;ART
art;ART.
amyloide;.AMYLOIDE
amyloide;amyloide
amyloide;AMYLOIDE
amyloide;Amyloide
bocavirus;Bocavirus
bocavirus;bocavirus
bocavirus;Bocavirus/
bocavirus;BOCAVIRUS
sulfam;SULFAM.
sulfam;sulfam
sulfam;SULFAM
sulfam;Sulfam
collagen;COLLAGEN
collagen;Collagen
collagen;collagen
gran;gran
gran;GRAN
gran;Gran
gran;Gran.
aureus;aureus/
aureus;Aureus
aureus;aureus
aureus;.aureus
aureus;AUREUS
aureus;.Aureus
aureus;.AUREUS
aureus;AUREUS/
gras;.Gras
gras;GRAS
gras;Gras
gras;gras
clauss;clauss
clauss;Clauss
clauss;CLAUSS
mycob;mycob
mycob;MYCOB
mycob;MYCOB.
mycob;Mycob
cockcr;cockcr
cockcr;Cockcr.
cockcr;Cockcr
cockcr;COCKCR
calc;CALC/
calc;CALC
calc;Calc
calc;calc
antimullerienne;Antimullerienne
antimullerienne;ANTIMULLERIENNE
antimullerienne;.ANTIMULLERIENNE
antimullerienne;antimullerienne
microfil;microfil.
microfil;Microfil
microfil;MICROFIL
microfil;microfil
quatern;QUATERN
quatern;.quatern
quatern;Quatern
quatern;quatern
rub;.rub
rub;.RUB
rub;RUB
rub;Rub
rub;rub
asp;ASP
asp;ASP.
asp;Asp.
asp;Asp
asp;asp
carbo;carbo
carbo;CARBO.
carbo;Carbo
carbo;CARBO
typ;TYP.
typ;typ
typ;TYP
typ;Typ
typ;Typ.
source;SOURCE
source;.SOURCE
source;source
source;Source
atient;ATIENT
atient;Atient
atient;atient
lim;LIM
lim;Lim
lim;lim
lim;lim.
nmo;NMO
nmo;Nmo
nmo;nmo
nmo;NMO/
staph;STAPH
staph;staph
staph;Staph.
staph;STAPH.
staph;STAPH/
staph;Staph
liq;.Liq
liq;LIQ
liq;Liq
liq;liq
liq;liq.
liq;LIQ.
liq;Liq.
lit;Lit
lit;LIT
lit;lit
cplx;CPLX
cplx;cplx
cplx;Cplx
chromog;CHROMOG
chromog;Chromog.
chromog;Chromog
chromog;chromog
haq;HAQ
haq;Haq
haq;haq
haq;.HAQ
oculair;Oculair
oculair;.OCULAIR
oculair;oculair
oculair;OCULAIR
cplt;Cplt
cplt;CPLT
cplt;cplt
fumi;.fumi
fumi;FUMI.
fumi;FUMI
fumi;Fumi
fumi;fumi
atp;ATP/
atp;Atp
atp;atp
atp;ATP
alim;Alim
alim;ALIM
alim;alim
alim;ALIM.
pre;pre
pre;PRE
pre;Pre
prd;Prd
prd;PRD
prd;prd
hbc;HBC
hbc;Hbc
hbc;hbc
hbc;HBc
superf;superf
superf;SUPERF.
superf;Superf
superf;SUPERF
epinephrine;Epinephrine
epinephrine;epinephrine
epinephrine;EPINEPHRINE
prp;PRP
prp;Prp
prp;prp
hepatite;Hepatite
hepatite;HEPATITE
hepatite;hepatite
inhal;inhal
inhal;Inhal
inhal;INHAL
inhal;INHAL.
hltv;Hltv
hltv;hltv
hltv;HLTV
ecouvi;Ecouvi
ecouvi;ECOUVI.
ecouvi;ECOUVI
ecouvi;ecouvi
hbs;HBS
hbs;Hbs
hbs;hbs
hbs;HBs
erlichia;Erlichia/
erlichia;ERLICHIA
erlichia;.ERLICHIA
erlichia;erlichia
erlichia;Erlichia
shigatox;Shigatox
shigatox;SHIGATOX.
shigatox;SHIGATOX
shigatox;shigatox
cytbact;CYTBACT.
cytbact;CYTBACT
cytbact;Cytbact
cytbact;cytbact
ponction;.PONCTION
ponction;PONCTION
ponction;Ponction
ponction;ponction
hbv;HBV
hbv;Hbv
hbv;hbv
cyt;Cyt.
cyt;CYT.
cyt;CYT
cyt;Cyt
cyt;cyt
polymer;polymer
polymer;POLYMER
polymer;Polymer.
polymer;Polymer
aut;AUT
aut;Aut
aut;aut
aut;.AUT
explorat;EXPLORAT.
explorat;explorat
explorat;Explorat
explorat;EXPLORAT
capillaire;Capillaire
capillaire;capillaire
capillaire;.capillaire
capillaire;CAPILLAIRE
const;const.
const;const
const;CONST
const;Const
import;IMPORT
import;Import
import;import.
import;import
psg;PSG
psg;Psg
psg;psg
psg;PSG.
encep;ENCEP.
encep;ENCEP
encep;encep
encep;Encep
microsc;Microsc
microsc;.MICROSC
microsc;microsc
microsc;MICROSC
prand;PRAND
prand;Prand
prand;prand
prand;.PRAND
non;.non
non;.NON
non;NON
non;Non
non;non
hcg;HCG
hcg;Hcg
hcg;hcg
phtaliq;.PHTALIQ
phtaliq;PHTALIQ
phtaliq;Phtaliq
phtaliq;phtaliq
conclusion;conclusion
conclusion;CONCLUSION
conclusion;Conclusion
trimelliq;Trimelliq
trimelliq;trimelliq
trimelliq;TRIMELLIQ
trimelliq;.TRIMELLIQ
noy;Noy
noy;NOY
noy;noy
hcv;HCV
hcv;Hcv
hcv;hcv
avt;.AVT
avt;avt
avt;Avt
avt;AVT
risq;risq
risq;RISQ
risq;Risq
risq;risq.
lactique;lactique
lactique;Lactique
lactique;LACTIQUE
lactique;.LACTIQUE
calcium;calcium
calcium;Calcium
calcium;CALCIUM
calcium;Calcium/
mycobact;mycobact
mycobact;MYCOBACT.
mycobact;MYCOBACT
mycobact;.MYCOBACT
mycobact;Mycobact
ence;ence
ence;Ence
ence;ENCE
ence;Ence.
trychophy;trychophy
trychophy;TRYCHOPHY.
trychophy;Trychophy
trychophy;TRYCHOPHY
superfic;superfic
superfic;superfic.
superfic;Superfic
superfic;SUPERFIC
thromboplast;Thromboplast.
thromboplast;Thromboplast
thromboplast;thromboplast
thromboplast;THROMBOPLAST
hdl;HDL
hdl;Hdl
hdl;hdl
tularens;TULARENS.
tularens;TULARENS
tularens;tularens
tularens;Tularens
souche;Souche
souche;.SOUCHE
souche;SOUCHE
souche;souche
souche;.souche
anguillules;Anguillules
anguillules;anguillules
anguillules;ANGUILLULES
anguillules;.ANGUILLULES
gref;.gref
gref;gref.
gref;GREF.
gref;gref
gref;GREF
gref;Gref
pul;PUL
pul;Pul
pul;pul
pul;.PUL
americ;americ
americ;AMERIC.
americ;Americ
americ;AMERIC
rens;RENS.
rens;rens
rens;RENS
rens;Rens
pus;.pus
pus;.PUS
pus;PUS
pus;Pus
pus;pus
multi;.MULTI
multi;Multi
multi;MULTI
multi;multi
bord;BORD
bord;Bord
bord;bord
bord;BORD.
hem;HEM
hem;Hem
hem;hem
hem;HEM/
sequenc;sequenc
sequenc;SEQUENC
sequenc;Sequenc
sequenc;sequenc.
hep;HEP
hep;Hep
hep;hep
hep;Hep.
hep;HEP.
trac;.trac
trac;trac
trac;TRAC
trac;Trac
trac;TRAC.
plaq;.Plaq
plaq;.plaq
plaq;.PLAQ
plaq;plaq
plaq;PLAQ
plaq;Plaq
plaq;Plaq/
rpcr;Rpcr.
rpcr;rpcr
rpcr;RPCR
rpcr;Rpcr
enft;Enft
enft;ENFT
enft;enft
enft;.ENFT
fas;Fas
fas;FAS
fas;fas
plas;.plas
plas;Plas.
plas;PLAS.
plas;plas
plas;PLAS
plas;Plas
pneu;Pneu
pneu;pneu
pneu;PNEU/
pneu;PNEU
pneu;PNEU.
pneu;pneu.
sonde;.SONDE
sonde;SONDE
sonde;Sonde
sonde;sonde
sialotrf;Sialotrf.
sialotrf;Sialotrf
sialotrf;sialotrf
sialotrf;SIALOTRF
tran;TRAN.
tran;TRAN
tran;Tran
tran;tran
peritoneal;Peritoneal
peritoneal;PERITONEAL
peritoneal;.PERITONEAL
peritoneal;peritoneal
carb;carb
carb;carb/
carb;CARB
carb;Carb
carb;.carb
monocytes;monocytes
monocytes;Monocytes
monocytes;MONOCYTES
minerales;minerales
minerales;Minerales
minerales;MINERALES
minerales;.MINERALES
gene;GENE.
gene;GENE
gene;Gene
gene;gene
gene;.Gene
geni;GENI
geni;Geni
geni;geni
geni;GENI/
magnesium;MAGNESIUM
magnesium;magnesium
magnesium;Magnesium
magnesium;Magnesium/
plac;.PLAC
plac;PLAC.
plac;plac
plac;PLAC/
plac;PLAC
plac;Plac
ecou;Ecou.
ecou;ECOU
ecou;Ecou
ecou;ecou
pvt;pvt.
pvt;PVT.
pvt;.PVT
pvt;pvt
pvt;PVT
pvt;Pvt
geno;.GENO
geno;GENO
geno;Geno
geno;geno
pertus;PERTUS
pertus;pertus
pertus;Pertus
prlv;prlv
prlv;PRLV
prlv;Prlv
micr;micr
micr;MICR.
micr;MICR
micr;Micr
explor;EXPLOR
explor;explor
explor;Explor
chikung;CHIKUNG
chikung;Chikung
chikung;Chikung/
chikung;chikung
chikung;CHIKUNG.
vitrifi;VITRIFI
vitrifi;Vitrifi
vitrifi;vitrifi
afric;afric
afric;AFRIC
afric;Afric
afric;AFRIC.
cuite;cuite
cuite;.CUITE
cuite;Cuite
cuite;CUITE
flacaerd;flacaerd
flacaerd;Flacaerd
flacaerd;FlacAERd
flacaerd;FlacAERd.
flacaerd;FLACAERD
pant;Pant.
pant;PANT
pant;Pant
pant;pant
diffic;.DIFFIC
diffic;DIFFIC
diffic;diffic
diffic;Diffic
decong;Decong
decong;DECONG.
decong;DECONG
decong;decong
decong;decong.
diag;DIAG.
diag;diag
diag;DIAG
diag;Diag
triiodothyron;TRIIODOTHYRON.
triiodothyron;TRIIODOTHYRON
triiodothyron;Triiodothyron
triiodothyron;triiodothyron
anti;ANTI
anti;Anti
anti;anti
pcre;pcre
pcre;PCRE
pcre;Pcre
pcre;PCRE.
coeliaq;coeliaq
coeliaq;COELIAQ
coeliaq;Coeliaq
coeliaq;.COELIAQ
prot;Prot
prot;PROT
prot;prot
prot;prot.
prot;PROT.
menin;menin.
menin;menin
menin;MENIN
menin;Menin
arbres;Arbres
arbres;.ARBRES
arbres;ARBRES
arbres;arbres
fct;Fct
fct;FCT
fct;fct
fct;FCT.
fct;.FCT
neurolept;NEUROLEPT.
neurolept;neurolept
neurolept;Neurolept
neurolept;Neurolept.
neurolept;NEUROLEPT
centro;CENTRO
centro;Centro
centro;centro
pterony;Pterony
pterony;PTERONY
pterony;pterony
pterony;pterony.
kappa;KAPPA/
kappa;Kappa/
kappa;KAPPA
kappa;Kappa
kappa;kappa
rcli;RCLI
rcli;Rcli
rcli;rcli
prov;PROV.
prov;prov.
prov;PROV
prov;prov
prov;Prov
dial;DIAL
dial;Dial
dial;.dial
dial;dial
grip;Grip.
grip;GRIP.
grip;grip
grip;GRIP
grip;Grip
prod;Prod
prod;PROD
prod;prod
prod;PROD.
expector;expector
expector;Expector
expector;Expector.
expector;EXPECTOR
pelot;pelot.
pelot;pelot
pelot;Pelot
pelot;PELOT
lpl;LPL
lpl;Lpl
lpl;lpl
sulf;sulf
sulf;SULF.
sulf;SULF
sulf;Sulf
testicul;TESTICUL
testicul;Testicul
testicul;testicul
prof;PROF.
prof;PROF
prof;prof
prof;Prof
rhinovirus;Rhinovirus/
rhinovirus;RHINOVIRUS
rhinovirus;rhinovirus
rhinovirus;Rhinovirus
bore;BORE/
bore;bore
bore;BORE
bore;Bore
recherche;RECHERCHE
recherche;Recherche
recherche;recherche
epiderm;EPIDERM.
epiderm;epiderm
epiderm;Epiderm
epiderm;EPIDERM
chat;.CHAT
chat;chat
chat;CHAT
chat;Chat
grif;GRIF.
grif;grif
grif;GRIF
grif;Grif
hypertriglycerid;HYPERTRIGLYCERID
hypertriglycerid;HYPERTRIGLYCERID.
hypertriglycerid;Hypertriglycerid
hypertriglycerid;hypertriglycerid
hypertriglycerid;Hypertriglycerid.
supplem;supplem
supplem;supplem.
supplem;Supplem
supplem;SUPPLEM
metapneu;metapneu
metapneu;METAPNEU
metapneu;Metapneu/
metapneu;Metapneu
pyl;PYL
pyl;Pyl
pyl;pyl
pyl;.pyl
pyl;pyl.
feb;FEB
feb;Feb
feb;feb
feb;.feb
rhino;Rhino
rhino;RHINO
rhino;Rhino/
rhino;rhino
num;Num
num;NUM
num;num
pyo;PYO
pyo;Pyo
pyo;pyo
pyo;.PYO
flacanad;Flacanad
flacanad;FlacANAd
flacanad;flacanad
flacanad;FLACANAD
flacanad;FlacANAd.
temoin;Temoin
temoin;.temoin
temoin;temoin
temoin;TEMOIN
fixees;fixees
fixees;fixees/
fixees;Fixees
fixees;FIXEES
fixees;FIXEES/
zone;zone
zone;Zone
zone;ZONE
jiroveci;Jiroveci
jiroveci;jiroveci
jiroveci;.jiroveci
jiroveci;JIROVECI
pleu;.PLEU
pleu;pleu
pleu;PLEU/
pleu;PLEU
pleu;Pleu
cladosp;Cladosp
cladosp;Cladosp.
cladosp;CLADOSP
cladosp;CLADOSP.
cladosp;cladosp
group;GROUP
group;Group
group;.Group
group;Group.
group;group
oreille;oreille
oreille;OREILLE
oreille;Oreille
oreille;.OREILLE
anus;Anus
anus;ANUS
anus;anus
anus;ANUS/
resist;resist.
resist;RESIST.
resist;resist
resist;Resist
resist;RESIST
ejac;Ejac
ejac;EJAC
ejac;ejac
ethyl;ethyl
ethyl;Ethyl
ethyl;ethyl.
ethyl;ETHYL
hydatidose;HYDATIDOSE
hydatidose;Hydatidose.
hydatidose;hydatidose
hydatidose;Hydatidose
lactofer;LACTOFER.
lactofer;Lactofer
lactofer;lactofer
lactofer;LACTOFER
anhyd;ANHYD.
anhyd;Anhyd
anhyd;Anhyd.
anhyd;anhyd
anhyd;anhyd.
anhyd;ANHYD
elisa;ELISA/
elisa;elisa
elisa;.ELISA
elisa;ELISA
elisa;Elisa
mucopolysacc;MUCOPOLYSACC.
mucopolysacc;MUCOPOLYSACC
mucopolysacc;mucopolysacc
mucopolysacc;Mucopolysacc
plaquettes;PLAQUETTES
plaquettes;Plaquettes/
plaquettes;plaquettes
plaquettes;Plaquettes
campy;Campy
campy;CAMPY
campy;campy
campy;CAMPY.
barbitur;Barbitur.
barbitur;BARBITUR
barbitur;barbitur
barbitur;BARBITUR.
barbitur;Barbitur
resis;RESIS.
resis;Resis
resis;resis
resis;RESIS
lsd;LSD
lsd;Lsd
lsd;lsd
ralt;RALT
ralt;Ralt
ralt;ralt
ralt;rAlt
ralt;.rAlt
ralt;.RALT
progesterone;PROGESTERONE
progesterone;progesterone
progesterone;.Progesterone
progesterone;Progesterone
progesterone;.PROGESTERONE
part;PART
part;Part
part;part
part;PART.
sulfatox;SULFATOX
sulfatox;Sulfatox
sulfatox;SULFATOX.
sulfatox;sulfatox
mech;MECH
mech;Mech
mech;MECH.
mech;mech
microscope;Microscope
microscope;MICROSCOPE
microscope;microscope
lympho;lympho
lympho;Lympho
lympho;.LYMPHO
lympho;LYMPHO
fermier;fermier
fermier;FERMIER
fermier;Fermier
fermier;.FERMIER
supp;supp
supp;SUPP
supp;Supp
supp;supp.
guadinoac;guadinoac
guadinoac;GUADINOAC/
guadinoac;Guadinoac
guadinoac;GUADINOAC
hemorragiqu;hemorragiqu.
hemorragiqu;HEMORRAGIQU.
hemorragiqu;hemorragiqu
hemorragiqu;HEMORRAGIQU
hemorragiqu;Hemorragiqu
blastomycos;BLASTOMYCOS
blastomycos;blastomycos
blastomycos;Blastomycos
blastomycos;.Blastomycos
patient;patient
patient;Patient
patient;PATIENT
toscana;Toscana
toscana;Toscana/
toscana;TOSCANA
toscana;toscana
toscana;TOSCANA/
lyme;Lyme
lyme;LYME
lyme;lyme
lyme;.LYME
ouvrir;ouvrir
ouvrir;.Ouvrir
ouvrir;Ouvrir
ouvrir;OUVRIR
hla;HLA/
hla;.HLA
hla;HLA
hla;Hla
hla;hla
indetermine;Indetermine
indetermine;INDETERMINE
indetermine;indetermine
indetermine;.indetermine
interpretati;Interpretati
interpretati;Interpretati.
interpretati;INTERPRETATI
interpretati;interpretati
betabloq;betabloq
betabloq;Betabloq
betabloq;BETABLOQ
betabloq;Betabloq.
resp;resp
resp;RESP
resp;Resp
resp;resp.
resp;RESP.
globul;Globul
globul;GLOBUL
globul;globul
globul;.GLOBUL
whipplei;Whipplei
whipplei;whipplei
whipplei;.whipplei
whipplei;WHIPPLEI
trychoph;Trychoph
trychoph;TRYCHOPH
trychoph;trychoph
trychoph;Trychoph.
streptoc;STREPTOC
streptoc;Streptoc.
streptoc;streptoc
streptoc;Streptoc
ltr;LTR
ltr;Ltr
ltr;ltr
cryo;Cryo
cryo;CRYO
cryo;cryo
citrique;citrique
citrique;.CITRIQUE
citrique;Citrique
citrique;CITRIQUE
allongemt;allongemt
allongemt;.ALLONGEMT
allongemt;ALLONGEMT
allongemt;Allongemt
toxines;Toxines
toxines;TOXINES
toxines;toxines
toxines;TOXINES.
toxines;.toxines
pcrveroe;PCRVEROE
pcrveroe;Pcrveroe
pcrveroe;pcrveroe
pcrveroe;.PCRVEROE
gpii;GPII
gpii;Gpii
gpii;gpii
chikun;CHIKUN.
chikun;chikun
chikun;CHIKUN
chikun;Chikun
hypoglyce;HYPOGLYCE
hypoglyce;HYPOGLYCE.
hypoglyce;Hypoglyce
hypoglyce;hypoglyce
herba;Herba
herba;HERBA
herba;HERBA.
herba;herba
herba;.herba
testicu;.TESTICU
testicu;Testicu
testicu;TESTICU
testicu;testicu
vgkc;VGKC
vgkc;Vgkc
vgkc;vgkc
fib;.FIB
fib;FIB
fib;Fib
fib;fib
fib;FIB.
microsporidie;Microsporidie
microsporidie;microsporidie
microsporidie;MICROSPORIDIE
microsporidie;.MICROSPORIDIE
cytometrie;Cytometrie
cytometrie;cytometrie
cytometrie;CYTOMETRIE/
cytometrie;CYTOMETRIE
osseuse;OSSEUSE
osseuse;osseuse
osseuse;.OSSEUSE
osseuse;Osseuse
abdom;ABDOM.
abdom;ABDOM
abdom;Abdom
abdom;abdom
bac;bac.
bac;BAC
bac;BAC.
bac;Bac
bac;bac
ident;Ident
ident;IDENT
ident;ident
ident;Ident.
ident;IDENT.
xmlct;Xmlct
xmlct;XMLCT
xmlct;xmlct
glutarique;GLUTARIQUE
glutarique;.Glutarique
glutarique;glutarique
glutarique;Glutarique
susp;SUSP.
susp;SUSP
susp;Susp
susp;susp
del;del/
del;DEL
del;Del
del;del
del;DEL/
anaer;.ANAER
anaer;Anaer
anaer;ANAER
anaer;anaer
anaer;anaer.
dem;Dem.
dem;DEM
dem;Dem
dem;dem
pertussis;Pertussis
pertussis;PERTUSSIS/
pertussis;PERTUSSIS
pertussis;.PERTUSSIS
pertussis;pertussis/
pertussis;pertussis
dep;.Dep
dep;DEP
dep;Dep
dep;dep
dep;Dep.
phan;PHAN.
phan;PHAN
phan;Phan
phan;phan
fiv;.FIV
fiv;FIV
fiv;Fiv
fiv;fiv
des;.DES
des;DES.
des;DES
des;Des
des;des
bind;BIND
bind;Bind
bind;bind
bind;BIND.
bas;BAS
bas;bas/
bas;Bas
bas;bas
tril;TRIL
tril;Tril
tril;tril
tril;TRIL.
bau;BAU
bau;Bau
bau;bau
bau;.BAU
farinae;Farinae
farinae;FARINAE
farinae;farinae
farinae;.FARINAE
farinae;.farinae
oxalate;OXALATE
oxalate;Oxalate
oxalate;oxalate
oxalate;Oxalate/
scl;SCL
scl;Scl
scl;scl
listeria;LISTERIA
listeria;.Listeria
listeria;Listeria
listeria;listeria
mater;mater
mater;MATER.
mater;MATER
mater;Mater
vgms;vgms
vgms;.VGMs
vgms;VGMS
vgms;Vgms
vgms;VGMs
aden;aden
aden;ADEN
aden;Aden
ac;.AC
ac;.Ac
ac;.ac
ac;AC
ac;Ac
ac;ac
ac;AC.
ac;Ac.
ac;ac.
scr;SCR
scr;Scr
scr;scr
scr;SCR.
vein;vein
vein;VEIN.
vein;VEIN
vein;Vein
vein;.vein
globu;GLOBU
globu;globu
globu;.GLOBU
globu;Globu
trimel;trimel
trimel;TRIMEL
trimel;Trimel
trimel;.trimel
pass;PASS
pass;Pass
pass;pass
pass;Pass.
ag;AG
ag;Ag
ag;ag
ag;Ag.
organophosph;ORGANOPHOSPH.
organophosph;Organophosph
organophosph;organophosph
organophosph;ORGANOPHOSPH
globo;globo
globo;GLOBO
globo;GLOBO.
globo;Globo
diff;DIFF
diff;Diff
diff;diff
diff;diff.
hnp;HNP
hnp;Hnp
hnp;hnp
nutrit;Nutrit
nutrit;NUTRIT.
nutrit;nutrit
nutrit;NUTRIT
ap;AP
ap;Ap
ap;ap
mikr;mikr
mikr;Mikr.
mikr;MIKR
mikr;Mikr
aq;AQ
aq;Aq
aq;aq
aq;aq.
genotyp;genotyp
genotyp;Genotyp.
genotyp;GENOTYP
genotyp;Genotyp
genotyp;GENOTYP.
dose;Dose/
dose;dose
dose;DOSE
dose;Dose
as;as
as;AS
as;As
at;AT
at;At
at;at
coccidioidomyc;COCCIDIOIDOMYC.
coccidioidomyc;coccidioidomyc
coccidioidomyc;COCCIDIOIDOMYC
coccidioidomyc;Coccidioidomyc
moyen;.moyen
moyen;Moyen
moyen;MOYEN
moyen;moyen
av;av
av;AV
av;Av
interpretation;interpretation
interpretation;INTERPRETATION
interpretation;Interpretation
alve;ALVE
alve;Alve
alve;alve
alve;.ALVE
abau;.ABAU
abau;abau
abau;Abau
abau;ABAU
nocardia;NOCARDIA/
nocardia;Nocardia
nocardia;nocardia
nocardia;NOCARDIA
brucella;.Brucella
brucella;BRUCELLA
brucella;Brucella
brucella;brucella
compression;Compression
compression;COMPRESSION
compression;compression
trans;TRANS
trans;Trans
trans;TRANS.
trans;trans
tracho;.tracho
tracho;tracho
tracho;TRACHO/
tracho;tracho/
tracho;TRACHO.
tracho;Tracho
tracho;TRACHO
mega;mega
mega;Mega
mega;MEGA
abdo;ABDO.
abdo;abdo
abdo;ABDO
abdo;Abdo
nucl;nucl
nucl;NUCL
nucl;Nucl
nucl;nucl.
nucl;Nucl.
biop;biop.
biop;BIOP.
biop;Biop/
biop;Biop.
biop;biop
biop;BIOP
biop;Biop
hbpm;Hbpm
hbpm;HBPM
hbpm;hbpm
decongel;decongel
decongel;Decongel
decongel;DECONGEL.
decongel;DECONGEL
hop;HOP
hop;Hop
hop;hop
hop;.HOP
bk;BK/
bk;BK
bk;Bk
bk;bk
hor;HOR.
hor;HOR
hor;Hor
hor;hor
bl;.BL
bl;.bl
bl;BL
bl;Bl
bl;bl
bm;BM
bm;Bm
bm;bm
destruc;destruc.
destruc;DESTRUC
destruc;Destruc
destruc;destruc
sec;SEC
sec;Sec
sec;sec
sec;Sec.
sec;SEC.
embryon;embryon
embryon;.EMBRYON
embryon;.embryon
embryon;embryon.
embryon;Embryon
embryon;EMBRYON
br;BR
br;Br
br;br
br;BR.
br;Br.
bs;BS
bs;Bs
bs;bs
lymph;LYMPH
lymph;lymph
lymph;Lymph
laine;laine
laine;LAINE.
laine;LAINE
laine;Laine
hpa;HPA.
hpa;HPA
hpa;Hpa
hpa;hpa
papil;Papil/
papil;PAPIL
papil;Papil
papil;papil
chromo;CHROMO
chromo;Chromo
chromo;chromo
seq;Seq.
seq;SEQ.
seq;seq.
seq;SEQ
seq;Seq
seq;seq
ca;CA/
ca;.CA
ca;CA
ca;Ca
ca;ca
cb;CB/
cb;CB
cb;Cb
cb;cb
ser;SER
ser;Ser
ser;ser
ser;.SER
ser;.ser
ser;SER.
ser;SER/
ser;Ser.
ser;ser.
enot;enot
enot;ENOT
enot;Enot
cf;Cf
cf;CF
cf;cf
vorax;Vorax
vorax;VORAX
vorax;vorax
vorax;VORAX.
ch;CH
ch;Ch
ch;ch
ch;CH.
immudep;.IMMUDEP
immudep;IMMUDEP
immudep;immudep
immudep;Immudep
eosinophiles;Eosinophiles
eosinophiles;EOSINOPHILES
eosinophiles;eosinophiles
eosinophiles;.Eosinophiles
hpn;HPN
hpn;Hpn
hpn;hpn
ck;CK
ck;Ck
ck;ck
cl;CL.
cl;CL
cl;Cl
cl;cl
cp;CP
cp;Cp
cp;cp
hpv;HPV
hpv;Hpv
hpv;hpv
cr;CR
cr;Cr
cr;cr
cs;Cs
cs;CS
cs;cs
ct;CT
ct;Ct
ct;ct
fong;fong
fong;FONG.
fong;FONG
fong;Fong
cu;CU
cu;Cu
cu;cu
cu;CU.
bksg;BKSG
bksg;Bksg
bksg;bksg
cv;CV
cv;Cv
cv;cv
organophos;Organophos
organophos;organophos
organophos;ORGANOPHOS.
organophos;ORGANOPHOS
aqueuse;aqueuse
aqueuse;.AQUEUSE
aqueuse;AQUEUSE
aqueuse;Aqueuse
aqueuse;.aqueuse
maladie;Maladie
maladie;MALADIE/
maladie;maladie
maladie;MALADIE
lactate;LACTATE/
lactate;Lactate.
lactate;Lactate
lactate;LACTATE
lactate;lactate
serum;Serum
serum;SERUM
serum;.SERUM
serum;serum
dia;.DIA
dia;DIA
dia;Dia
dia;dia
chrono;Chrono
chrono;CHRONO
chrono;chrono
did;.DID
did;DID
did;Did
did;did
dc;DC
dc;Dc
dc;dc
dif;DIF
dif;Dif
dif;dif
dif;.DIF
dd;DD
dd;Dd
dd;dd
jul;JUL
jul;Jul
jul;jul
jul;jul.
de;DE
de;De
de;de
de;.DE
de;.de
spermocyt;spermocyt
spermocyt;Spermocyt
spermocyt;.SPERMOCYT
spermocyt;SPERMOCYT
dig;.DIG
dig;DIG
dig;Dig
dig;dig
dig;DIG.
atbtype;atbtype
atbtype;.atbtype
atbtype;Atbtype
atbtype;ATBTYPE
dil;DIL
dil;Dil
dil;dil
dil;Dil.
pulmo;PULMO.
pulmo;.PULMO
pulmo;PULMO
pulmo;Pulmo
pulmo;pulmo
dim;Dim.
dim;DIM
dim;Dim
dim;dim
dn;DN
dn;Dn
dn;dn
gast;Gast
gast;GAST
gast;gast
do;DO.
do;DO
do;Do
do;do
dp;DP
dp;Dp
dp;dp
dq;DQ
dq;Dq
dq;dq
dr;.DR
dr;DR
dr;Dr
dr;dr
whippelii;WHIPPELII
whippelii;.WHIPPELII
whippelii;Whippelii
whippelii;whippelii
ds;DS
ds;Ds
ds;ds
div;DIV
div;Div
div;div
div;.DIV
div;DIV.
div;DIV/
bird;Bird
bird;BIRD
bird;bird
phenyla;PHENYLA.
phenyla;Phenyla
phenyla;phenyla
phenyla;PHENYLA
aromatiq;Aromatiq
aromatiq;AROMATIQ.
aromatiq;aromatiq
aromatiq;AROMATIQ
flacpedd;FLACPEDD
flacpedd;FlacPEDd.
flacpedd;flacpedd
flacpedd;FlacPEDd
flacpedd;Flacpedd
biops;Biops
biops;BIOPS.
biops;biops
biops;.BIOPS
biops;BIOPS
psittac;Psittac
psittac;PSITTAC
psittac;psittac
brucellose;Brucellose
brucellose;.brucellose
brucellose;BRUCELLOSE
brucellose;brucellose
ec;EC.
ec;Ec.
ec;.EC
ec;EC
ec;Ec
ec;ec
numhemat;Numhemat
numhemat;NUMHEMAT
numhemat;.NUMHEMAT
numhemat;numhemat
pneum;pneum
pneum;PNEUM
pneum;Pneum
pneum;.PNEUM
pneum;.pneum
plasm;plasm.
plasm;plasm
plasm;PLASM
plasm;Plasm
plasm;PLASM.
chloralo;chloralo
chloralo;CHLORALO
chloralo;Chloralo
chloralo;CHLORALO.
test;test
test;TEST
test;Test
test;.test
vitre;vitre
vitre;Vitre
vitre;VITRE
vitre;.VITRE
eryt;eryt
eryt;ERYT
eryt;Eryt
basophiles;Basophiles
basophiles;basophiles
basophiles;BASOPHILES
ep;.EP
ep;EP
ep;Ep
ep;ep
pertuss;PERTUSS
pertuss;Pertuss
pertuss;pertuss/
pertuss;pertuss
et;et/
et;ET.
et;ET
et;Et
et;et
ex;.EX
ex;EX
ex;Ex
ex;ex
ex;EX.
cytop;cytop
cytop;CYTOP
cytop;Cytop
cytop;CYTOP.
fongiq;fongiq.
fongiq;fongiq
fongiq;Fongiq
fongiq;FONGIQ
respir;respir
respir;RESPIR
respir;.respir
respir;Respir
psittaci;Psittaci
psittaci;psittaci
psittaci;PSITTACI
psittaci;PSITTACI/
serol;serol.
serol;SEROL.
serol;serol
serol;Serol
serol;SEROL
hgprt;Hgprt
hgprt;hgprt
hgprt;HGPRT
legionelles;Legionelles
legionelles;.LEGIONELLES
legionelles;legionelles
legionelles;LEGIONELLES
cytob;CYTOB
cytob;Cytob
cytob;Cytob.
cytob;cytob
cytob;CYTOB.
activ;activ
activ;ACTIV
activ;Activ
cytog;CYTOG.
cytog;Cytog.
cytog;cytog
cytog;Cytog
cytog;CYTOG
fc;.Fc
fc;FC
fc;Fc
fc;fc
debr;Debr
debr;DEBR.
debr;DEBR
debr;debr
trph;trph
trph;TRPH
trph;Trph
icsi;icsi
icsi;ICSI
icsi;Icsi
icsi;ICSI/
serot;serot
serot;Serot
serot;.SEROT
serot;SEROT
serot;Serot.
operat;operat
operat;OPERAT
operat;Operat
operat;OPERAT.
fl;FL
fl;Fl
fl;fl
fl;FL.
fl;Fl.
secre;secre.
secre;Secre
secre;SECRE
secre;secre
secre;Secre.
hsv;HSV/
hsv;hsv
hsv;HSV
hsv;Hsv
fr;FR
fr;Fr
fr;fr
fs;FS
fs;Fs
fs;fs
trichlora;trichlora
trichlora;Trichlora
trichlora;TRICHLORA
fv;FV
fv;Fv
fv;fv
fw;FW
fw;Fw
fw;fw
carbapenem;Carbapenem
carbapenem;CARBAPENEM.
carbapenem;carbapenem
carbapenem;CARBAPENEM
hereditair;HEREDITAIR
hereditair;hereditair
hereditair;.HEREDITAIR
hereditair;Hereditair
mucovis;Mucovis
mucovis;.MUCOVIS
mucovis;mucovis
mucovis;MUCOVIS
gb;GB
gb;Gb
gb;gb
ollag;OLLAG
ollag;ollag
ollag;Ollag
gc;GC/
gc;GC
gc;Gc
gc;gc
gd;GD
gd;Gd
gd;gd
bact;Bact.
bact;bact.
bact;bact/
bact;BACT
bact;bact
bact;BACT.
bact;Bact
ge;Ge
ge;GE
ge;ge
partic;PARTIC
partic;partic
partic;PARTIC.
partic;Partic
granuloc;GRANULOC.
granuloc;GRANULOC
granuloc;Granuloc
granuloc;granuloc
granuloc;Granuloc.
gp;GP
gp;Gp
gp;gp
trop;TROP
trop;Trop
trop;TROP.
trop;trop
eosino;Eosino
eosino;.EOSINO
eosino;eosino
eosino;EOSINO
mucop;Mucop/
mucop;MUCOP
mucop;mucop
mucop;Mucop
gr;GR.
gr;Gr.
gr;GR
gr;Gr
gr;gr
bhr;.BHR
bhr;BHR
bhr;Bhr
bhr;bhr
genot;GENOT
genot;Genot
genot;genot
pteronyss;Pteronyss
pteronyss;PTERONYSS
pteronyss;PTERONYSS.
pteronyss;pteronyss
ente;Ente/
ente;ente
ente;ENTE
ente;Ente
bartonella;Bartonella
bartonella;bartonella
bartonella;BARTONELLA
bartonella;.Bartonella
interpret;Interpret
interpret;interpret
interpret;Interpret.
interpret;INTERPRET
bovine;Bovine
bovine;BOVINE
bovine;bovine
bovine;.BOVINE
vagi;VAGI
vagi;Vagi
vagi;vagi
hb;HB.
hb;HB
hb;Hb
hb;hb
hc;HC.
hc;HC
hc;Hc
hc;hc
zika;zika
zika;ZIKA/
zika;Zika/
zika;ZIKA
zika;Zika
psitta;Psitta
psitta;PSITTA
psitta;psitta
perfo;Perfo
perfo;PERFO
perfo;PERFO/
perfo;perfo
hg;HG
hg;Hg
hg;hg
hum;HUM
hum;Hum
hum;hum
hum;HUM.
hum;Hum.
hum;hum.
nuit;nuit
nuit;NUIT
nuit;Nuit
nuit;NUIT/
expert;EXPERT
expert;expert
expert;Expert
expert;Expert.
bil;BIL
bil;Bil
bil;bil
bil;BIL.
hl;HL
hl;Hl
hl;hl
polypept;POLYPEPT
polypept;polypept
polypept;POLYPEPT.
polypept;Polypept
polyneutro;Polyneutro
polyneutro;polyneutro
polyneutro;POLYNEUTRO
digestive;.DIGESTIVE
digestive;DIGESTIVE
digestive;digestive
digestive;.digestive
digestive;Digestive
hp;.HP
hp;HP
hp;Hp
hp;hp
cornee;.CORNEE
cornee;cornee
cornee;CORNEE
cornee;Cornee
bio;bio.
bio;BIO.
bio;BIO
bio;Bio
bio;bio
bio;.bio
bio;.BIO
bio;.Bio
angio;Angio.
angio;Angio
angio;ANGIO
angio;angio
hs;.HS
hs;HS
hs;Hs
hs;hs
ht;HT
ht;Ht
ht;ht
hu;Hu/
hu;HU
hu;Hu
hu;hu
prelev;Prelev
prelev;PRELEV.
prelev;PRELEV
prelev;prelev
urinaires;.urinaires
urinaires;URINAIRES
urinaires;Urinaires
urinaires;urinaires
vesic;vesic
vesic;VESIC
vesic;Vesic
vesic;.VESIC
botulisme;botulisme
botulisme;Botulisme
botulisme;BOTULISME
botulisme;.BOTULISME
uterus;.UTERUS
uterus;uterus
uterus;Uterus
uterus;UTERUS
tpmt;TPMT
tpmt;Tpmt
tpmt;tpmt
id;ID.
id;Id.
id;ID/
id;ID
id;Id
id;id
chlamy;Chlamy
chlamy;chlamy.
chlamy;CHLAMY
chlamy;chlamy
ii;II
ii;Ii
ii;ii
ii;.II
ii;II/
survie;survie
survie;SURVIE
survie;Survie
hvn;HVN
hvn;Hvn
hvn;hvn
lobo;lobo
lobo;LOBO
lobo;Lobo
astrovirus;Astrovirus
astrovirus;astrovirus
astrovirus;Astrovirus/
astrovirus;ASTROVIRUS
im;IM
im;Im
im;im
im;Im.
in;IN
in;In
in;in
in;IN.
in;In.
antigen;Antigen
antigen;antigen
antigen;ANTIGEN
antigen;ANTIGEN.
chol;Chol
chol;chol.
chol;chol
chol;CHOL
legion;legion
legion;LEGION
legion;Legion
legion;LEGION/
afri;afri
afri;AFRI
afri;Afri
afri;.AFRI
ifosf;IFOSF
ifosf;Ifosf
ifosf;ifosf
ifosf;Ifosf/
fralle;fralle
fralle;FRALLE
fralle;Fralle
fralle;.FRALLE
cuit;CUIT
cuit;cuit
cuit;.cuit
cuit;Cuit
doc;DOC
doc;Doc
doc;doc
doc;.doc
jc;JC/
jc;JC
jc;Jc
jc;jc
legionella;.Legionella
legionella;LEGIONELLA
legionella;.LEGIONELLA
legionella;Legionella
legionella;legionella
glutaminases;Glutaminases
glutaminases;.GLUTAMINASES
glutaminases;glutaminases
glutaminases;GLUTAMINASES
facteur;FACTEUR
facteur;Facteur
facteur;facteur
hrombine;Hrombine
hrombine;HROMBINE
hrombine;hrombine
mullti;Mullti
mullti;MULLTI
mullti;mullti
fetus;FETUS
fetus;Fetus
fetus;.fetus
fetus;fetus
sanguin;sanguin
sanguin;.SANGUIN
sanguin;Sanguin
sanguin;SANGUIN
glob;glob.
glob;glob
glob;GLOB
glob;Glob
dos;DOS.
dos;Dos.
dos;dos.
dos;DOS
dos;Dos
dos;dos
rectal;Rectal
rectal;.RECTAL
rectal;RECTAL
rectal;.rectal
rectal;rectal
oeil;oeil
oeil;.OEIL
oeil;Oeil
oeil;OEIL
cytb;Cytb.
cytb;Cytb
cytb;cytb
cytb;CYTB
carbape;Carbape
carbape;CARBAPE
carbape;carbape.
carbape;carbape
phytanique;.PHYTANIQUE
phytanique;PHYTANIQUE
phytanique;phytanique
phytanique;Phytanique
sphero;Sphero
sphero;SPHERO
sphero;sphero
oei;Oei
oei;OEI
oei;oei
cult;Cult.
cult;CULT.
cult;cult
cult;CULT
cult;Cult
cult;cult.
sphere;Sphere
sphere;.SPHERE
sphere;sphere
sphere;SPHERE
behcet;BEHCET
behcet;Behcet
behcet;behcet
campylo;CAMPYLO
campylo;Campylo
campylo;campylo
campylo;CAMPYLO.
digest;Digest
digest;DIGEST.
digest;digest
digest;DIGEST
respirat;RESPIRAT.
respirat;Respirat
respirat;RESPIRAT
respirat;respirat
respirat;.RESPIRAT
mal;MAL.
mal;MAL
mal;Mal
mal;mal
kd;kD
kd;KD
kd;Kd
kd;kd
urealy;Urealy
urealy;UREALY
urealy;urealy
dpg;DPG
dpg;Dpg
dpg;dpg
parainfl;Parainfl
parainfl;Parainfl/
parainfl;parainfl
parainfl;PARAINFL
cyclo;Cyclo/
cyclo;Cyclo
cyclo;CYCLO
cyclo;cyclo
man;Man
man;MAN
man;man
hrombi;Hrombi
hrombi;HROMBI
hrombi;hrombi
acineto;Acineto
acineto;ACINETO
acineto;ACINETO.
acineto;acineto
cyto;Cyto
cyto;CYTO.
cyto;CYTO
cyto;cyto
ileost;ileost
ileost;ILEOST.
ileost;Ileost
ileost;ILEOST
meni;meni
meni;meni/
meni;MENI
meni;Meni
sensibilise;sensibilise
sensibilise;SENSIBILISE
sensibilise;SENSIBILISE/
sensibilise;Sensibilise
mat;MAT
mat;Mat
mat;mat
mat;MAT.
spermogr;spermogr
spermogr;Spermogr
spermogr;SPERMOGR.
spermogr;Spermogr/
spermogr;SPERMOGR
dpn;DPN
dpn;Dpn
dpn;dpn
rossner;rossner
rossner;ROSSNER
rossner;.Rossner
rossner;Rossner
gastro;.GASTRO
gastro;gastro
gastro;GASTRO/
gastro;GASTRO
gastro;Gastro
gastro;Gastro.
toxop;toxop
toxop;TOXOP.
toxop;TOXOP
toxop;Toxop
pouss;pouss
pouss;POUSS
pouss;POUSS.
pouss;Pouss
kt;KT
kt;Kt
kt;kt
uri;URI.
uri;.URI
uri;uri
uri;URI
uri;Uri
lb;.LB
lb;LB
lb;Lb
lb;lb
placen;PLACEN.
placen;Placen
placen;PLACEN
placen;placen
pylori;pylori/
pylori;PYLORI/
pylori;pylori
pylori;Pylori
pylori;PYLORI
mbp;MBP
mbp;Mbp
mbp;mbp
lg;.LG
lg;LG
lg;Lg
lg;lg
complete;.COMPLETE
complete;COMPLETE
complete;Complete
complete;complete
mbr;Mbr
mbr;MBR
mbr;mbr
li;Li.
li;LI
li;Li
li;li
parape;PARAPE
parape;Parape
parape;parape
ll;LL
ll;Ll
ll;ll
lp;LP
lp;Lp
lp;lp
lp;Lp/
lq;.LQ
lq;LQ
lq;Lq
lq;lq
lq;LQ.
lq;lq/
bmr;BMR
bmr;Bmr
bmr;bmr
bmr;.BMR
titre;TITRE
titre;Titre
titre;titre
titre;Titre.
lr;LR
lr;Lr
lr;lr
biohp;.BIOHP
biohp;Biohp
biohp;BIOHP
biohp;biohp
prepa;Prepa.
prepa;Prepa
prepa;PREPA
prepa;prepa
prepa;PREPA.
ly;LY.
ly;.LY
ly;LY
ly;Ly
ly;ly
mais;.MAIS
mais;Mais
mais;MAIS
mais;mais
deturgescen;Deturgescen
deturgescen;DETURGESCEN.
deturgescen;DETURGESCEN
deturgescen;deturgescen
mening;Mening
mening;MENING
mening;.mening
mening;mening
sol;SOL
sol;Sol
sol;sol
sol;sol.
nterpretation;nterpretation
nterpretation;Nterpretation
nterpretation;NTERPRETATION
ma;MA
ma;Ma
ma;ma
ma;ma.
mb;.MB
mb;MB
mb;Mb
mb;mb
mb;MB.
berg;.BERG
berg;berg
berg;BERG
berg;Berg
sou;Sou/
sou;SOU.
sou;SOU
sou;Sou
sou;sou
sou;.Sou
mg;mg/
mg;Mg
mg;MG
mg;mg
autr;.AUTR
autr;AUTR
autr;Autr
autr;autr
ml;ML
ml;Ml
ml;ml
mm;MM
mm;Mm
mm;mm
trichlorac;trichlorac
trichlorac;Trichlorac
trichlorac;TRICHLORAC
trichlorac;TRICHLORAC.
coccidioido;.Coccidioido
coccidioido;COCCIDIOIDO
coccidioido;coccidioido
coccidioido;Coccidioido
glycopet;glycopet
glycopet;Glycopet
glycopet;GLYCOPET.
glycopet;GLYCOPET
liste;liste
liste;LISTE
liste;Liste
bnp;BNP
bnp;Bnp
bnp;bnp
fvw;FVW
fvw;Fvw
fvw;fvw
ms;MS
ms;Ms
ms;ms
ute;UTE
ute;Ute
ute;ute
ute;ute.
spe;SPE.
spe;spe/
spe;SPE
spe;Spe
spe;spe
amiante;Amiante
amiante;.amiante
amiante;AMIANTE
amiante;amiante
amiante;.AMIANTE
sph;SPH.
sph;SPH
sph;Sph
sph;sph
cryptosp;cryptosp.
cryptosp;CRYPTOSP
cryptosp;cryptosp
cryptosp;CRYPTOSP.
cryptosp;Cryptosp
entro;Entro
entro;ENTRO
entro;entro
nume;Nume
nume;NUME
nume;nume
nume;Nume.
spn;SPN
spn;Spn
spn;spn
spn;.Spn
spp;SPP
spp;Spp
spp;spp
spp;.SPP
spp;.spp
horm;Horm
horm;horm
horm;HORM
horm;HORM.
homme;homme
homme;Homme
homme;HOMME
homme;.HOMME
sapovirus;Sapovirus/
sapovirus;sapovirus
sapovirus;Sapovirus
sapovirus;SAPOVIRUS
nb;Nb
nb;NB
nb;nb
pcryocons;PCRYOCONS.
pcryocons;Pcryocons
pcryocons;pcryocons
pcryocons;Pcryocons.
pcryocons;PCRYOCONS
nf;NF
nf;Nf
nf;nf
cerebraux;CEREBRAUX
cerebraux;.CEREBRAUX
cerebraux;Cerebraux
cerebraux;cerebraux
ng;Ng
ng;NG
ng;ng
spz;SPZ
spz;Spz
spz;spz
nk;NK
nk;Nk
nk;nk
strepto;strepto
strepto;STREPTO
strepto;.Strepto
strepto;Strepto
ns;NS
ns;Ns
ns;ns
dpca;.DPCA
dpca;dpca
dpca;DPCA
dpca;Dpca
pseu;PSEU.
pseu;Pseu
pseu;PSEU
pseu;pseu
isoval;ISOVAL
isoval;Isoval
isoval;ISOVAL.
isoval;isoval
mec;mec
mec;MEC
mec;Mec
embryons;Embryons
embryons;Embryons/
embryons;embryons
embryons;EMBRYONS/
embryons;EMBRYONS
therap;Therap
therap;THERAP/
therap;therap
therap;THERAP
metho;Metho/
metho;metho
metho;METHO
metho;Metho
sous;SOUS
sous;Sous
sous;sous
total;TOTAL
total;total
total;Total
oreil;oreil
oreil;OREIL
oreil;OREIL.
oreil;Oreil
oc;OC
oc;Oc
oc;oc
oc;OC.
acquittement;Acquittement
acquittement;ACQUITTEMENT
acquittement;acquittement
acquittement;Acquittement/
mel;MEL
mel;Mel
mel;mel
embryonn;EMBRYONN.
embryonn;EMBRYONN
embryonn;embryonn
embryonn;Embryonn
men;men
men;MEN
men;Men
men;MEN.
men;.men
selle;SELLE
selle;Selle
selle;selle
recehr;Recehr
recehr;RECEHR
recehr;recehr
recehr;RECEHR/
ebola;ebola
ebola;EBOLA
ebola;Ebola
ebola;EBOLA/
ebola;Ebola/
mes;MES
mes;Mes
mes;mes
mes;.mes
puis;Puis.
puis;Puis
puis;PUIS
puis;puis
kap;Kap
kap;KAP
kap;kap
met;met.
met;MET.
met;Met.
met;MET
met;Met
met;met
beta;beta
beta;Beta
beta;BETA
souc;SOUC.
souc;SOUC
souc;Souc
souc;souc
flacaerartd;flacaerartd
flacaerartd;Flacaerartd
flacaerartd;FlacAERARTd
flacaerartd;FlacAERARTd.
flacaerartd;FLACAERARTD
op;OP
op;Op
op;op
op;OP.
macro;macro
macro;Macro
macro;MACRO
btabloq;btabloq
btabloq;Btabloq
btabloq;Btabloq.
btabloq;BTABLOQ
immud;IMMUD
immud;immud
immud;IMMUD.
immud;Immud
lactalbumine;lactalbumine
lactalbumine;LACTALBUMINE
lactalbumine;Lactalbumine
lactalbumine;.lactalbumine
lactalbumine;.LACTALBUMINE
or;OR
or;Or
or;or
or;OR.
os;.OS
os;OS
os;Os
os;os
os;OS.
parvum;.parvum
parvum;PARVUM
parvum;parvum
parvum;Parvum
ou;ou
ou;OU
ou;Ou
phos;phos
phos;PHOS
phos;Phos
phos;phos.
phos;Phos.
aerobie;Aerobie
aerobie;AEROBIE
aerobie;.aerobie
aerobie;aerobie
neuroleptiq;NEUROLEPTIQ
neuroleptiq;Neuroleptiq
neuroleptiq;neuroleptiq
neuroleptiq;.NEUROLEPTIQ
peripheriques;.Peripheriques
peripheriques;PERIPHERIQUES
peripheriques;Peripheriques
peripheriques;peripheriques
bsarm;bsarm
bsarm;BSARM
bsarm;.BSARM
bsarm;Bsarm
pb;PB
pb;Pb
pb;pb
orei;OREI
orei;Orei
orei;orei
orei;OREI.
orei;Orei.
pc;PC
pc;Pc
pc;pc
gttes;gttes
gttes;GTTES
gttes;Gttes
distomatose;distomatose
distomatose;DISTOMATOSE
distomatose;Distomatose
distomatose;.Distomatose
ph;PH
ph;Ph
ph;ph
ph;pH
pj;PJ
pj;Pj
pj;pj
pl;.PL
pl;.Pl
pl;PL
pl;Pl
pl;pl
organophosphores;Organophosphores
organophosphores;.ORGANOPHOSPHORES
organophosphores;ORGANOPHOSPHORES
organophosphores;organophosphores
pn;Pn.
pn;pn.
pn;PN
pn;Pn
pn;pn
moyenne;MOYENNE
moyenne;Moyenne
moyenne;.moyenne
moyenne;moyenne
ssa;SSA
ssa;Ssa
ssa;ssa
ssa;SSA/
pp;PP
pp;Pp
pp;pp
pp;PP/
rickettsies;rickettsies
rickettsies;RICKETTSIES
rickettsies;.Rickettsies
rickettsies;Rickettsies
bron;BRON
bron;Bron
bron;bron
bron;BRON.
bron;.BRON
pr;PR
pr;Pr
pr;pr
pr;PR.
ssb;SSB
ssb;Ssb
ssb;ssb
ps;PS
ps;Ps
ps;ps
puiss;puiss
puiss;Puiss
puiss;PUISS
puiss;Puiss.
bamy;BAMY/
bamy;Bamy
bamy;BAMY
bamy;bamy
delta;Delta
delta;DELTA
delta;.DELTA
delta;delta
mgc;MGC
mgc;Mgc
mgc;mgc
mgb;MGB
mgb;Mgb
mgb;mgb
entero;Entero
entero;ENTERO
entero;entero
entero;Entero/
vasc;VASC
vasc;Vasc
vasc;VASC.
vasc;vasc
sulfa;SULFA.
sulfa;SULFA
sulfa;Sulfa
sulfa;sulfa
hyperinsulinis;hyperinsulinis
hyperinsulinis;HYPERINSULINIS
hyperinsulinis;Hyperinsulinis
hyperinsulinis;HYPERINSULINIS.
proge;proge
proge;PROGE
proge;Proge
trypano;trypano
trypano;TRYPANO.
trypano;TRYPANO
trypano;Trypano.
trypano;Trypano
vitrif;Vitrif
vitrif;VITRIF
vitrif;vitrif
vitrif;VITRIF.
mycoplasmes;MYCOPLASMES
mycoplasmes;.MYCOPLASMES
mycoplasmes;mycoplasmes
mycoplasmes;Mycoplasmes
mgr;MGR
mgr;Mgr
mgr;mgr
ql;Ql
ql;QL
ql;ql
mthfr;MTHFR
mthfr;mthfr
mthfr;Mthfr
bro;BRO.
bro;BRO
bro;Bro
bro;bro
ureaplasma;ureaplasma
ureaplasma;Ureaplasma/
ureaplasma;UREAPLASMA/
ureaplasma;Ureaplasma
ureaplasma;UREAPLASMA
std;STD
std;Std
std;std
std;.STD
tryp;Tryp
tryp;TRYP
tryp;tryp
tryp;Tryp.
qt;Qt
qt;QT
qt;qt
lymphocytes;lymphocytes
lymphocytes;Lymphocytes
lymphocytes;LYMPHOCYTES
pestis;pestis/
pestis;pestis
pestis;PESTIS/
pestis;PESTIS
pestis;Pestis
pestis;.pestis
qu;Qu
qu;QU
qu;qu
ste;.STE
ste;STE
ste;Ste
ste;ste
rougeole;Rougeole/
rougeole;ROUGEOLE
rougeole;Rougeole
rougeole;rougeole
interpreter;interpreter/
interpreter;Interpreter
interpreter;INTERPRETER
interpreter;interpreter
endoc;Endoc
endoc;ENDOC.
endoc;endoc
endoc;ENDOC
str;STR
str;Str
str;str
str;STR.
ecouvillon;.ECOUVILLON
ecouvillon;Ecouvillon
ecouvillon;ecouvillon
ecouvillon;ECOUVILLON
plasminogene;Plasminogene
plasminogene;PLASMINOGENE
plasminogene;plasminogene
rh;RH
rh;Rh
rh;rh
rh;RH.
ri;RI
ri;Ri
ri;ri
ri;Ri/
pleural;.pleural
pleural;Pleural
pleural;PLEURAL
pleural;pleural
pleural;.PLEURAL
rm;RM
rm;Rm
rm;rm
coel;Coel
coel;.Coel
coel;COEL
coel;coel
rechauff;Rechauff
rechauff;Rechauff.
rechauff;RECHAUFF.
rechauff;RECHAUFF
rechauff;rechauff
rt;.RT
rt;RT
rt;Rt
rt;rt
blqan;Blqan
blqan;BLQAN
blqan;.BLQAN
blqan;blqan
fact;fact
fact;FACT.
fact;FACT
fact;Fact
freq;freq
freq;FREQ
freq;Freq
freq;.freq
freq;.FREQ
antistaphylolysi;.ANTISTAPHYLOLYSI
antistaphylolysi;ANTISTAPHYLOLYSI
antistaphylolysi;antistaphylolysi
antistaphylolysi;Antistaphylolysi
xyloc;XYLOC.
xyloc;xyloc
xyloc;XYLOC
xyloc;Xyloc
colorat;COLORAT
colorat;Colorat
colorat;colorat.
colorat;colorat
long;long.
long;LONG.
long;Long
long;long
long;LONG
sa;SA
sa;Sa
sa;sa
sup;SUP.
sup;SUP
sup;Sup
sup;sup
sb;SB
sb;Sb
sb;sb
cardiolipines;cardiolipines
cardiolipines;CARDIOLIPINES
cardiolipines;Cardiolipines
intr;Intr
intr;INTR
intr;intr
derm;derm.
derm;derm
derm;DERM
derm;Derm
ovocytes;ovocytes
ovocytes;Ovocytes
ovocytes;OVOCYTES
ovocytes;.OVOCYTES
ovocytes;.Ovocytes
min;MIN
min;Min
min;min
min;MIN.
sf;.SF
sf;SF
sf;Sf
sf;sf
peloto;PELOTO
peloto;peloto
peloto;Peloto
peloto;PELOTO.
sg;.SG
sg;.Sg
sg;.sg
sg;SG
sg;Sg
sg;sg
sg;Sg/
oreill;Oreill
oreill;OREILL
oreill;oreill
oreill;Oreill/
lames;.LAMES
lames;.lames
lames;lames
lames;Lames
lames;LAMES
sm;Sm/
sm;Sm
sm;SM
sm;sm
blqae;.BLQAE
blqae;blqae
blqae;BLQAE
blqae;Blqae
sp;SP
sp;Sp
sp;sp
ss;SS
ss;Ss
ss;ss
st;ST
st;St
st;st
sclerodermie;sclerodermie
sclerodermie;SCLERODERMIE
sclerodermie;Sclerodermie
sclerodermie;.SCLERODERMIE
su;SU
su;Su
su;su
su;su.
manq;Manq
manq;MANQ
manq;manq
manq;manq.
fulminante;FULMINANTE
fulminante;Fulminante
fulminante;.FULMINANTE
fulminante;fulminante
dengue;DENGUE
dengue;Dengue
dengue;DENGUE/
dengue;Dengue/
dengue;dengue
profondes;.Profondes
profondes;Profondes
profondes;profondes
profondes;PROFONDES
tf;TF
tf;Tf
tf;tf
tg;TG
tg;Tg
tg;tg
depist;DEPIST
depist;.DEPIST
depist;depist
depist;Depist
depist;Depist.
sect;Sect
sect;SECT
sect;sect
sect;Sect.
rotavirus;Rotavirus
rotavirus;rotavirus
rotavirus;Rotavirus/
rotavirus;ROTAVIRUS
interc;Interc
interc;INTERC
interc;interc
interc;.INTERC
tp;TP
tp;Tp
tp;tp
tr;TR.
tr;TR
tr;Tr
tr;tr
aliment;ALIMENT
aliment;ALIMENT.
aliment;Aliment
aliment;aliment
tt;TT
tt;Tt
tt;tt
urine;Urine
urine;urine
urine;.URINE
urine;URINE
prothrombinigg;ProthrombinIgG/
prothrombinigg;prothrombinigg
prothrombinigg;PROTHROMBINIGG
prothrombinigg;Prothrombinigg
prothrombinigg;ProthrombinIgG
cochlee;Cochlee
cochlee;COCHLEE
cochlee;Cochlee/
cochlee;COCHLEE/
cochlee;cochlee
uf;uf
uf;UF
uf;Uf
ui;UI
ui;Ui
ui;ui
ui;UI/
retrograd;.retrograd
retrograd;retrograd
retrograd;Retrograd
retrograd;RETROGRAD
nmen;NMEN.
nmen;nmen
nmen;NMEN
nmen;Nmen
ur;UR.
ur;Ur.
ur;ur/
ur;.UR
ur;.Ur
ur;UR
ur;Ur
ur;ur
jejuni;jejuni
jejuni;JEJUNI
jejuni;Jejuni
jejuni;JEJUNI/
jejuni;.jejuni
transm;transm
transm;.TRANSM
transm;TRANSM
transm;Transm
ciclo;Ciclo
ciclo;CICLO
ciclo;ciclo
ciclo;CICLO.
angiotens;ANGIOTENS.
angiotens;Angiotens
angiotens;angiotens
angiotens;ANGIOTENS
aerob;.AEROB
aerob;Aerob
aerob;AEROB
aerob;aerob
orthopox;Orthopox/
orthopox;Orthopox
orthopox;orthopox
orthopox;ORTHOPOX
versicolor;VERSICOLOR
versicolor;Versicolor
versicolor;.VERSICOLOR
versicolor;versicolor
nconj;nconj/
nconj;nconj
nconj;NCONJ
nconj;Nconj
progeniteurs;Progeniteurs
progeniteurs;.PROGENITEURS
progeniteurs;progeniteurs
progeniteurs;PROGENITEURS
aqueus;Aqueus
aqueus;AQUEUS
aqueus;.AQUEUS
aqueus;aqueus
aqueus;.aqueus
vc;VC
vc;Vc
vc;vc
transp;TRANSP
transp;transp.
transp;Transp
transp;transp
vzblf;Vzblf
vzblf;VZBLF
vzblf;vzblf
fermen;fermen
fermen;FERMEN.
fermen;Fermen
fermen;FERMEN
stmlee;stmlee
stmlee;STMLEE
stmlee;Stmlee
discord;discord
discord;DISCORD
discord;discord.
discord;Discord
echinococc;Echinococc.
echinococc;echinococc
echinococc;Echinococc
echinococc;ECHINOCOCC.
echinococc;ECHINOCOCC
vn;VN
vn;Vn
vn;vn
cysticercos;Cysticercos
cysticercos;cysticercos
cysticercos;CYSTICERCOS
cysticercos;.Cysticercos
cliniques;CLINIQUES
cliniques;Cliniques
cliniques;cliniques
cliniques;.CLINIQUES
vs;VS
vs;Vs
vs;vs
amorc;amorc.
amorc;Amorc
amorc;AMORC
amorc;amorc
vw;VW
vw;Vw
vw;vw
brut;BRUT
brut;Brut
brut;brut
brut;BRUT.
coll;coll
coll;COLL
coll;Coll
tacro;TACRO.
tacro;tacro
tacro;TACRO
tacro;Tacro
kinines;.Kinines
kinines;KININES
kinines;kinines
kinines;Kinines
kinines;.KININES
vasoact;VASOACT
vasoact;vasoact
vasoact;VASOACT.
vasoact;Vasoact
coli;.COLI
coli;.coli
coli;COLI
coli;coli
coli;Coli
biopsie;biopsie
biopsie;.BIOPSIE
biopsie;BIOPSIE
biopsie;Biopsie
heredit;heredit
heredit;HEREDIT
heredit;Heredit
parap;Parap
parap;PARAP
parap;parap
wb;WB
wb;Wb
wb;wb
drrvt;Drrvt
drrvt;drrvt
drrvt;dRRVT
drrvt;DRRVT
adulte;adulte
adulte;.ADULTE
adulte;Adulte
adulte;ADULTE
maturat;MATURAT
maturat;MATURAT.
maturat;maturat
maturat;Maturat
wm;WM
wm;Wm
wm;wm
aspergillus;Aspergillus
aspergillus;.Aspergillus
aspergillus;aspergillus
aspergillus;ASPERGILLUS
phenothiazine;phenothiazine
phenothiazine;.PHENOTHIAZINE
phenothiazine;PHENOTHIAZINE
phenothiazine;Phenothiazine
polypeptid;polypeptid
polypeptid;Polypeptid
polypeptid;POLYPEPTID.
polypeptid;POLYPEPTID
ore;ORE
ore;Ore
ore;ore
ore;ORE.
ghrh;GHRH
ghrh;Ghrh
ghrh;ghrh
orl;ORL
orl;Orl
orl;orl
orl;.ORL
orl;.Orl
cmgc;Cmgc
cmgc;cmgc
cmgc;CMGC
cytobac;Cytobac
cytobac;CYTOBAC.
cytobac;CYTOBAC
cytobac;cytobac
ammon;ammon.
ammon;Ammon
ammon;AMMON
ammon;ammon
estimee;Estimee
estimee;ESTIMEE
estimee;estimee
tubercu;Tubercu
tubercu;TUBERCU/
tubercu;TUBERCU
tubercu;tubercu
phenothiaz;phenothiaz
phenothiaz;Phenothiaz.
phenothiaz;Phenothiaz
phenothiaz;PHENOTHIAZ.
phenothiaz;PHENOTHIAZ
legionel;LEGIONEL.
legionel;legionel
legionel;LEGIONEL
legionel;Legionel
dextroprop;Dextroprop.
dextroprop;dextroprop
dextroprop;Dextroprop
dextroprop;DEXTROPROP
dextroprop;DEXTROPROP.
transmis;transmis/
transmis;TRANSMIS
transmis;transmis
transmis;Transmis
xp;XP
xp;Xp
xp;xp
parasites;PARASITES
parasites;.parasites
parasites;parasites
parasites;Parasites
comment;Comment
comment;comment
comment;Comment.
comment;COMMENT
paillet;PAILLET
paillet;Paillet
paillet;.paillet
paillet;paillet
staphylo;Staphylo
staphylo;STAPHYLO
staphylo;.STAPHYLO
staphylo;staphylo
iga;IGA
iga;Iga
iga;IgA
iga;iga
iga;.IgA
meningo;MENINGO.
meningo;meningo
meningo;MENINGO
meningo;Meningo
meningo;meningo.
penicil;PENICIL.
penicil;penicil
penicil;Penicil.
penicil;PENICIL
penicil;Penicil
bhcg;bhcg
bhcg;BHCG
bhcg;Bhcg
sezary;sezary
sezary;SEZARY
sezary;.SEZARY
sezary;Sezary
conj;conj/
conj;conj
conj;CONJ
conj;Conj
igd;IGD
igd;Igd
igd;igd
igd;IGD/
igg;IGG/
igg;IGG
igg;Igg
igg;igg
igg;IgG
igg;.IgG
binding;Binding
binding;binding
binding;BINDING
saliv;Saliv
saliv;Saliv.
saliv;saliv
saliv;SALIV
cong;.CONG
cong;Cong
cong;CONG
cong;cong
cong;CONG.
cong;cong.
mol;Mol
mol;MOL
mol;mol
mon;Mon
mon;MON
mon;mon
gck;GCK
gck;Gck
gck;gck
oss;.oss
oss;oss.
oss;OSS
oss;Oss
oss;oss
conc;Conc
conc;Conc.
conc;CONC
conc;conc
benzodiaz;Benzodiaz.
benzodiaz;BENZODIAZ
benzodiaz;BENZODIAZ.
benzodiaz;Benzodiaz
benzodiaz;benzodiaz
pelvien;Pelvien
pelvien;.PELVIEN
pelvien;PELVIEN
pelvien;pelvien
ost;ost
ost;OST
ost;Ost
cajou;cajou
cajou;.Cajou
cajou;.CAJOU
cajou;CAJOU
cajou;Cajou
meningit;meningit
meningit;meningit.
meningit;Meningit
meningit;MENINGIT
ferm;ferm
ferm;ferm.
ferm;FERM
ferm;Ferm
moy;MOY
moy;Moy
moy;moy
moy;MOY/
cryocons;CRYOCONS.
cryocons;CRYOCONS
cryocons;cryocons
cryocons;cryocons.
cryocons;Cryocons
guanidinoacet;Guanidinoacet
guanidinoacet;GUANIDINOACET
guanidinoacet;Guanidinoacet/
guanidinoacet;guanidinoacet
cabillaud;Cabillaud
cabillaud;cabillaud/
cabillaud;cabillaud
cabillaud;CABILLAUD
seminal;.seminal
seminal;.SEMINAL
seminal;SEMINAL
seminal;Seminal
seminal;seminal
cont;Cont
cont;CONT.
cont;cont
cont;CONT
leptospires;.LEPTOSPIRES
leptospires;Leptospires
leptospires;LEPTOSPIRES
leptospires;leptospires
cons;Cons
cons;CONS.
cons;cons.
cons;CONS
cons;cons
leishmanies;leishmanies
leishmanies;LEISHMANIES
leishmanies;Leishmanies
leishmanies;.LEISHMANIES
indice;INDICE
indice;Indice
indice;indice
tuberc;TUBERC/
tuberc;Tuberc
tuberc;tuberc
tuberc;TUBERC
var;VAR
var;Var
var;var
var;Var.
interne;INTERNE
interne;interne/
interne;interne
interne;Interne
thalassemie;THALASSEMIE
thalassemie;thalassemie
thalassemie;Thalassemie
thalassemie;THALASSEMIE/
collag;Collag
collag;COLLAG
collag;collag
quant;quant
quant;QUANT
quant;Quant
mpo;MPO/
mpo;MPO
mpo;Mpo
mpo;mpo
neurotransmet;Neurotransmet.
neurotransmet;neurotransmet
neurotransmet;Neurotransmet
neurotransmet;NEUROTRANSMET
benga;benga
benga;benga.
benga;Benga
benga;BENGA
iden;iden
iden;IDEN
iden;Iden
iden;IDEN.
mate;Mate
mate;MATE
mate;mate
gds;GDS
gds;Gds
gds;gds
bhbu;BHBU/
bhbu;BHBU
bhbu;Bhbu
bhbu;bhbu
dendritiques;Dendritiques
dendritiques;.DENDRITIQUES
dendritiques;dendritiques
dendritiques;DENDRITIQUES
morph;Morph.
morph;Morph
morph;MORPH
morph;morph
valve;Valve
valve;VALVE
valve;.VALVE
valve;valve
anguill;ANGUILL
anguill;Anguill
anguill;anguill.
anguill;anguill
ongel;ongel
ongel;ONGEL
ongel;Ongel
loochi;loochi
loochi;LOOCHI
loochi;Loochi
loochi;.LOOCHI
flac;flac
flac;FLAC
flac;flac.
flac;Flac
iii;III
iii;Iii
iii;iii
tularemie;TULAREMIE
tularemie;tularemie
tularemie;.tularemie
tularemie;Tularemie
exter;exter
exter;Exter
exter;EXTER
exter;EXTER.
cytbac;Cytbac
cytbac;CYTBAC
cytbac;CYTBAC.
cytbac;cytbac
rode;.RODE
rode;.Rode
rode;RODE
rode;Rode
rode;rode
secret;secret.
secret;Secret
secret;secret
secret;SECRET
distribution;DISTRIBUTION
distribution;Distribution
distribution;distribution
nucleo;Nucleo
nucleo;Nucleo.
nucleo;NUCLEO
nucleo;nucleo
antistaph;antistaph.
antistaph;ANTISTAPH
antistaph;Antistaph
antistaph;antistaph
gen;GEN
gen;Gen
gen;gen
gen;.gen
gen;gen.
gen;GEN.
ocul;.OCUL
ocul;ocul
ocul;OCUL.
ocul;Ocul
ocul;OCUL
lactofe;Lactofe
lactofe;LACTOFE
lactofe;lactofe.
lactofe;lactofe
ova;ova.
ova;OVA.
ova;OVA
ova;Ova
ova;ova
semi;.SEMI
semi;SEMI
semi;Semi
semi;semi
bronch;bronch.
bronch;bronch
bronch;.BRONCH
bronch;BRONCH.
bronch;BRONCH
bronch;Bronch
dipht;Dipht.
dipht;dipht
dipht;DIPHT
dipht;Dipht
histolyt;histolyt.
histolyt;histolyt
histolyt;HISTOLYT
histolyt;Histolyt
pulmon;PULMON
pulmon;Pulmon
pulmon;.pulmon
pulmon;pulmon
pulmon;pulmon.
sell;SELL
sell;Sell
sell;sell
sell;.SELL
poussier;poussier.
poussier;Poussier
poussier;poussier
poussier;POUSSIER
pentameres;PENTAMERES
pentameres;pentameres
pentameres;.PENTAMERES
pentameres;Pentameres
ovo;ovo
ovo;OVO
ovo;Ovo
sperm;SPERM.
sperm;SPERM
sperm;Sperm
sperm;sperm
interpr;Interpr
interpr;Interpr.
interpr;interpr
interpr;INTERPR
hemo;HEMO.
hemo;Hemo
hemo;HEMO
hemo;hemo
phenylala;Phenylala
phenylala;phenylala
phenylala;PHENYLALA.
phenylala;PHENYLALA
hominis;hominis/
hominis;HOMINIS/
hominis;hominis
hominis;HOMINIS
hominis;.hominis
hominis;Hominis
culture;culture
culture;CULTURE
culture;Culture
pacif;pacif
pacif;PACIF
pacif;pacif.
pacif;Pacif
sche;.Sche
sche;.sche
sche;sche
sche;Sche
sche;SCHE
ebv;EBV/
ebv;EBV
ebv;Ebv
ebv;ebv
granuleuse;GRANULEUSE
granuleuse;Granuleuse
granuleuse;granuleuse
date;date
date;DATE
date;Date
blot;BLOT
blot;Blot
blot;blot
blot;.Blot
blot;.BLOT
burnetti;burnetti
burnetti;.BURNETTI
burnetti;BURNETTI
burnetti;Burnetti
burnetti;.burnetti
jiro;.jiro
jiro;.JIRO
jiro;jiro
jiro;JIRO
jiro;Jiro
prost;prost
prost;Prost
prost;PROST
prost;PROST.
pancr;pancr
pancr;Pancr
pancr;.PANCR
pancr;PANCR
pancr;PANCR.
ggt;GGT
ggt;Ggt
ggt;ggt
adenovirus;Adenovirus
adenovirus;adenovirus
adenovirus;Adenovirus/
adenovirus;ADENOVIRUS
benzod;BENZOD.
benzod;BENZOD
benzod;Benzod
benzod;benzod
apres;APRES
apres;.apres
apres;Apres
apres;apres
vei;VEI
vei;Vei
vei;vei
vei;VEI.
plaie;Plaie
plaie;.PLAIE
plaie;PLAIE
plaie;plaie
ghb;GHB
ghb;Ghb
ghb;ghb
candidose;Candidose
candidose;.Candidose
candidose;candidose
candidose;CANDIDOSE
taq;Taq
taq;TAQ
taq;taq
htlv;Htlv
htlv;HTLV
htlv;htlv
ill;ill
ill;ILL
ill;Ill
bgapdh;Bgapdh
bgapdh;.BGAPDH
bgapdh;bgapdh
bgapdh;BGAPDH
reptilase;Reptilase
reptilase;REPTILASE
reptilase;reptilase
activite;activite
activite;ACTIVITE
activite;Activite
bloc;bloc
bloc;BLOC
bloc;Bloc
mtx;MTX
mtx;Mtx
mtx;mtx
ghs;GHS
ghs;Ghs
ghs;ghs
proto;Proto
proto;PROTO
proto;proto
proto;Proto.
ponc;ponc
ponc;PONC
ponc;Ponc
hemocult;hemocult
hemocult;Hemocult.
hemocult;HEMOCULT
hemocult;Hemocult
stoc;Stoc
stoc;STOC
stoc;stoc
imm;IMM.
imm;imm
imm;IMM
imm;Imm
mycoph;mycoph
mycoph;MYCOPH
mycoph;Mycoph
mycoph;Mycoph.
aeruginosa;AERUGINOSA
aeruginosa;.AERUGINOSA
aeruginosa;aeruginosa
aeruginosa;Aeruginosa
aeruginosa;.aeruginosa
urique;.URIQUE
urique;URIQUE
urique;Urique
urique;urique
mut;MUT.
mut;.mut
mut;MUT
mut;Mut
mut;mut
coti;Coti
coti;Coti/
coti;COTI
coti;coti
drvvt;drvvt
drvvt;dRVVT
drvvt;DRVVT
drvvt;Drvvt
hypers;hypers
hypers;.HYPERS
hypers;.Hypers
hypers;Hypers
hypers;HYPERS
tca;TCA
tca;Tca
tca;tca
ckmb;CKMB
ckmb;ckmb
ckmb;Ckmb
cap;cap
cap;CAP
cap;Cap
nigr;NIGR
nigr;Nigr
nigr;NIGR.
nigr;nigr
cat;CAT
cat;Cat
cat;cat
cat;.CAT
bayes;Bayes
bayes;BAYES
bayes;bayes
bayes;BAYES.
ndhoff;Ndhoff
ndhoff;NDHOFF
ndhoff;ndhoff
arter;Arter
arter;ARTER
arter;ARTER.
arter;arter
tck;TCK
tck;Tck
tck;tck
herb;.HERB
herb;HERB
herb;herb
herb;Herb
vgm;VGM
vgm;Vgm
vgm;vgm
ind;ind.
ind;IND
ind;Ind
ind;ind
trach;trach.
trach;trach/
trach;.trach
trach;TRACH
trach;Trach
trach;TRACH/
trach;trach
ambroi;AMBROI
ambroi;ambroi
ambroi;ambroi.
ambroi;Ambroi
bcarb;Bcarb
bcarb;BCARB
bcarb;.BCARB
bcarb;bcarb
cba;CBA
cba;Cba
cba;cba
will;.WILL
will;will
will;WILL
will;Will
cbg;CBG
cbg;Cbg
cbg;cbg
int;.INT
int;INT.
int;int.
int;INT
int;Int
int;int
vhc;VHC
vhc;Vhc
vhc;vhc
narco;narco
narco;NARCO
narco;Narco
vhb;VHB
vhb;Vhb
vhb;vhb
vhe;VHE
vhe;Vhe
vhe;vhe
vhe;VHE/
cbs;CBS
cbs;Cbs
cbs;cbs
variable;Variable
variable;Variable/
variable;VARIABLE
variable;variable
variable;.variable
poly;poly
poly;POLY
poly;Poly
poly;POLY.
phosphat;PHOSPHAT
phosphat;PHOSPHAT.
phosphat;phosphat
phosphat;Phosphat